,date,YEAR,YEAR,YEAR,MONTH,MONTH,MONTH,d1,d1,d1,d10,d10,d10,d11,d11,d11,d12,d12,d12,d13,d13,d13,d14,d14,d14,d15,d15,d15,d16,d16,d16,d17,d17,d17,d18,d18,d18,d19,d19,d19,d2,d2,d2,d20,d20,d20,d21,d21,d21,d22,d22,d22,d23,d23,d23,d24,d24,d24,d25,d25,d25,d26,d26,d26,d27,d27,d27,d28,d28,d28,d29,d29,d29,d3,d3,d3,d30,d30,d30,d31,d31,d31,d4,d4,d4,d5,d5,d5,d6,d6,d6,d7,d7,d7,d8,d8,d8,d9,d9,d9
METRIC,,PRCP,TMAX,TMIN,PRCP,TMAX,TMIN,PRCP,TMAX,TMIN,PRCP,TMAX,TMIN,PRCP,TMAX,TMIN,PRCP,TMAX,TMIN,PRCP,TMAX,TMIN,PRCP,TMAX,TMIN,PRCP,TMAX,TMIN,PRCP,TMAX,TMIN,PRCP,TMAX,TMIN,PRCP,TMAX,TMIN,PRCP,TMAX,TMIN,PRCP,TMAX,TMIN,PRCP,TMAX,TMIN,PRCP,TMAX,TMIN,PRCP,TMAX,TMIN,PRCP,TMAX,TMIN,PRCP,TMAX,TMIN,PRCP,TMAX,TMIN,PRCP,TMAX,TMIN,PRCP,TMAX,TMIN,PRCP,TMAX,TMIN,PRCP,TMAX,TMIN,PRCP,TMAX,TMIN,PRCP,TMAX,TMIN,PRCP,TMAX,TMIN,PRCP,TMAX,TMIN,PRCP,TMAX,TMIN,PRCP,TMAX,TMIN,PRCP,TMAX,TMIN,PRCP,TMAX,TMIN,PRCP,TMAX,TMIN
0,2006-01-01,2006,2006,2006,1,1,1,0.3,32.0,21.0,0.0,44.0,20.0,0.1,45.0,24.0,0.0,27.0,14.0,0.0,47.0,16.0,0.0,43.0,29.0,0.2,34.0,9.0,0.2,25.0,4.0,0.0,35.0,10.0,0.0,34.0,20.0,0.6,28.0,10.0,2.1,36.0,26.0,0.1,26.0,8.0,0.0,29.0,10.0,0.1,27.0,6.0,0.0,35.0,5.0,0.1,46.0,18.0,0.1,42.0,26.0,0.1,38.0,24.0,0.1,28.0,15.0,0.5,31.0,11.0,0.0,27.0,20.0,2.1,34.0,21.0,0.2,42.0,24.0,0.3,34.0,20.0,0.0,30.0,17.0,0.0,47.0,17.0,0.0,57.0,33.0,0.0,48.0,30.0,0.1,30.0,11.0,0.2,33.0,8.0
1,2006-02-01,2006,2006,2006,2,2,2,0.2,33.0,22.0,0.1,27.0,8.0,0.0,31.0,5.0,0.0,43.0,19.0,0.0,37.0,17.0,0.0,36.0,24.0,0.2,32.0,7.0,0.0,20.0,2.0,0.0,28.0,10.0,0.3,22.0,9.0,0.0,26.0,5.0,0.2,31.0,24.0,0.0,24.0,4.0,0.0,24.0,4.0,0.0,29.0,16.0,0.0,37.0,22.0,0.0,41.0,21.0,0.0,47.0,24.0,0.0,49.0,28.0,0.0,52.0,31.0,0.7,42.0,26.0,,,,0.0,31.0,21.0,,,,,,,0.1,44.0,19.0,0.0,26.0,9.0,0.1,35.0,7.0,0.0,45.0,23.0,0.1,51.0,25.0,0.0,45.0,19.0
2,2006-03-01,2006,2006,2006,3,3,3,0.2,38.0,20.0,0.2,28.0,8.0,0.0,27.0,9.0,0.2,29.0,10.0,0.1,31.0,10.0,0.2,39.0,9.0,0.1,32.0,15.0,0.0,41.0,16.0,0.3,42.0,26.0,0.2,44.0,26.0,0.8,32.0,17.0,0.0,46.0,26.0,0.2,36.0,16.0,1.0,39.0,21.0,0.0,42.0,18.0,0.0,48.0,19.0,0.1,50.0,27.0,0.1,52.0,26.0,0.0,34.0,18.0,0.0,48.0,17.0,0.5,42.0,30.0,1.6,42.0,25.0,0.0,47.0,27.0,0.1,40.0,24.0,0.1,46.0,24.0,0.2,35.0,19.0,0.0,48.0,21.0,0.0,43.0,30.0,0.3,32.0,22.0,0.1,39.0,16.0,0.2,31.0,11.0
3,2006-04-01,2006,2006,2006,4,4,4,0.6,39.0,20.0,0.0,46.0,30.0,0.4,47.0,29.0,0.1,56.0,35.0,0.0,57.0,42.0,0.3,53.0,33.0,0.3,50.0,33.0,0.2,51.0,35.0,0.1,41.0,21.0,0.0,37.0,17.0,0.0,44.0,18.0,0.3,47.0,18.0,0.0,50.0,24.0,0.0,59.0,33.0,0.0,64.0,40.0,0.0,56.0,35.0,0.3,45.0,30.0,0.0,50.0,32.0,0.0,58.0,35.0,0.0,59.0,37.0,0.0,54.0,37.0,0.0,55.0,34.0,0.1,55.0,31.0,0.0,54.0,38.0,,,,0.0,49.0,38.0,0.8,45.0,26.0,0.9,30.0,25.0,0.3,49.0,24.0,0.1,52.0,31.0,0.0,55.0,37.0
4,2006-05-01,2006,2006,2006,5,5,5,0.0,56.0,35.0,0.0,50.0,31.0,0.0,60.0,33.0,0.0,65.0,44.0,0.0,67.0,46.0,0.0,69.0,46.0,0.0,68.0,46.0,0.0,69.0,49.0,0.0,70.0,49.0,0.0,70.0,51.0,0.0,68.0,48.0,0.0,54.0,39.0,0.0,68.0,51.0,0.0,68.0,50.0,0.0,63.0,40.0,0.0,57.0,38.0,0.0,65.0,41.0,0.0,70.0,47.0,0.0,69.0,50.0,0.2,56.0,29.0,0.0,39.0,29.0,0.0,50.0,27.0,0.0,57.0,35.0,0.0,54.0,33.0,0.0,62.0,36.0,0.5,53.0,33.0,0.2,49.0,32.0,0.0,54.0,33.0,0.0,56.0,35.0,0.0,49.0,37.0,0.0,47.0,31.0
5,2006-06-01,2006,2006,2006,6,6,6,0.0,70.0,43.0,0.0,64.0,40.0,0.0,70.0,45.0,0.0,73.0,54.0,0.0,68.0,49.0,0.0,57.0,41.0,0.0,56.0,38.0,0.0,57.0,37.0,0.0,67.0,42.0,0.0,74.0,49.0,0.0,73.0,52.0,0.0,73.0,52.0,0.0,67.0,48.0,0.0,68.0,48.0,0.0,69.0,45.0,0.0,73.0,49.0,0.0,75.0,52.0,0.0,72.0,49.0,0.0,74.0,52.0,0.0,74.0,48.0,0.0,76.0,52.0,0.0,75.0,52.0,0.0,69.0,51.0,0.0,74.0,52.0,,,,0.0,72.0,49.0,0.1,72.0,52.0,0.0,81.0,54.0,0.0,76.0,49.0,0.2,65.0,46.0,1.0,62.0,42.0
6,2006-07-01,2006,2006,2006,7,7,7,0.0,74.0,49.0,0.0,73.0,49.0,0.0,74.0,50.0,0.0,72.0,51.0,0.0,75.0,52.0,0.0,81.0,55.0,0.0,82.0,59.0,0.0,83.0,61.0,0.0,84.0,60.0,0.0,81.0,60.0,0.1,77.0,54.0,0.0,74.0,53.0,0.0,79.0,52.0,0.0,82.0,59.0,0.0,83.0,59.0,0.0,83.0,59.0,0.1,78.0,59.0,0.0,77.0,54.0,0.0,78.0,58.0,0.0,80.0,55.0,0.0,83.0,59.0,0.0,79.0,57.0,0.0,75.0,54.0,0.1,76.0,57.0,0.6,69.0,49.0,0.1,74.0,51.0,0.0,69.0,55.0,0.2,70.0,48.0,0.0,71.0,47.0,0.0,71.0,53.0,0.0,73.0,52.0
7,2006-08-01,2006,2006,2006,8,8,8,0.5,59.0,45.0,0.0,76.0,50.0,0.1,74.0,50.0,0.0,74.0,51.0,0.0,71.0,49.0,0.0,74.0,51.0,0.2,73.0,52.0,0.0,71.0,48.0,0.0,71.0,52.0,0.0,71.0,48.0,0.1,74.0,51.0,0.0,70.0,44.0,0.0,75.0,52.0,0.0,77.0,53.0,0.0,78.0,56.0,0.0,77.0,51.0,0.0,73.0,50.0,0.3,67.0,45.0,0.0,60.0,42.0,0.0,66.0,39.0,0.0,71.0,47.0,0.0,74.0,47.0,0.0,67.0,50.0,0.0,73.0,52.0,0.0,66.0,45.0,0.0,72.0,50.0,0.0,73.0,50.0,0.1,75.0,51.0,0.0,74.0,50.0,0.0,74.0,51.0,0.0,73.0,53.0
8,2006-09-01,2006,2006,2006,9,9,9,0.0,71.0,47.0,0.0,64.0,43.0,0.0,68.0,46.0,0.0,72.0,48.0,0.0,71.0,50.0,0.9,67.0,42.0,0.9,52.0,32.0,0.2,39.0,27.0,0.0,43.0,25.0,0.0,54.0,28.0,0.0,62.0,39.0,0.0,74.0,47.0,0.2,52.0,33.0,0.2,43.0,31.0,0.1,40.0,28.0,0.0,49.0,29.0,0.0,52.0,31.0,0.0,56.0,33.0,0.0,60.0,38.0,0.0,62.0,39.0,0.0,64.0,41.0,0.0,64.0,44.0,0.0,73.0,49.0,0.0,66.0,42.0,,,,0.0,76.0,51.0,0.0,73.0,53.0,0.1,73.0,51.0,0.0,62.0,46.0,0.0,61.0,44.0,0.0,66.0,43.0
9,2006-10-01,2006,2006,2006,10,10,10,0.0,66.0,47.0,0.1,40.0,31.0,0.0,48.0,31.0,0.0,52.0,33.0,0.0,55.0,35.0,0.1,49.0,36.0,0.0,54.0,36.0,0.4,46.0,30.0,0.2,34.0,26.0,0.0,36.0,22.0,0.0,41.0,30.0,1.0,56.0,39.0,0.0,42.0,28.0,0.1,40.0,25.0,0.0,45.0,25.0,0.0,55.0,34.0,0.0,56.0,39.0,0.3,44.0,23.0,0.0,38.0,23.0,0.0,49.0,24.0,0.0,56.0,35.0,0.0,52.0,37.0,0.0,57.0,37.0,0.0,44.0,28.0,0.0,40.0,25.0,0.3,55.0,45.0,0.9,54.0,44.0,0.8,50.0,35.0,0.0,46.0,34.0,0.0,52.0,33.0,0.0,48.0,33.0
10,2006-11-01,2006,2006,2006,11,11,11,0.1,40.0,21.0,0.2,41.0,15.0,0.1,43.0,26.0,0.2,33.0,17.0,1.0,36.0,23.0,0.4,36.0,16.0,0.1,41.0,15.0,0.0,44.0,30.0,0.0,52.0,30.0,0.0,48.0,29.0,0.0,52.0,29.0,0.0,47.0,32.0,0.0,54.0,38.0,0.0,48.0,39.0,0.0,51.0,40.0,0.0,43.0,19.0,0.0,42.0,19.0,0.0,40.0,24.0,0.0,40.0,23.0,1.5,33.0,16.0,0.3,17.0,6.0,0.0,16.0,-4.0,0.0,45.0,33.0,0.0,27.0,-3.0,,,,0.0,39.0,29.0,0.0,42.0,28.0,0.0,51.0,33.0,0.0,57.0,40.0,0.0,57.0,42.0,0.2,43.0,24.0
11,2006-12-01,2006,2006,2006,12,12,12,0.0,27.0,7.0,0.1,35.0,24.0,0.0,33.0,18.0,0.1,34.0,20.0,0.1,36.0,28.0,0.0,47.0,33.0,0.1,45.0,24.0,0.6,24.0,14.0,0.8,20.0,7.0,0.0,27.0,6.0,0.0,37.0,7.0,0.0,22.0,4.0,0.0,28.0,6.0,0.3,38.0,12.0,0.0,28.0,15.0,0.0,30.0,9.0,0.0,33.0,15.0,0.0,42.0,17.0,0.1,48.0,32.0,0.2,35.0,25.0,0.0,31.0,23.0,0.0,36.0,14.0,0.0,33.0,2.0,0.0,40.0,8.0,0.0,44.0,21.0,0.0,45.0,21.0,0.0,42.0,27.0,0.0,43.0,25.0,0.0,45.0,28.0,0.0,50.0,28.0,0.0,42.0,28.0
12,2007-01-01,2007,2007,2007,1,1,1,0.0,35.0,18.0,0.0,44.0,30.0,0.3,31.0,9.0,0.0,14.0,-10.0,0.0,14.0,-10.0,0.0,9.0,-10.0,0.0,20.0,-9.0,0.0,34.0,9.0,0.0,28.0,11.0,0.0,28.0,3.0,0.0,38.0,14.0,0.1,38.0,19.0,0.0,33.0,9.0,0.0,27.0,4.0,0.0,26.0,8.0,0.0,39.0,13.0,0.0,43.0,27.0,0.0,50.0,29.0,0.0,45.0,23.0,0.0,34.0,15.0,0.0,40.0,16.0,0.0,39.0,17.0,0.1,44.0,29.0,0.0,36.0,18.0,0.1,28.0,7.0,0.4,40.0,16.0,0.0,27.0,3.0,0.3,23.0,2.0,0.0,28.0,6.0,0.0,37.0,22.0,0.0,52.0,22.0
13,2007-02-01,2007,2007,2007,2,2,2,0.1,18.0,4.0,0.4,47.0,31.0,1.1,37.0,29.0,0.0,34.0,19.0,0.0,35.0,16.0,0.1,32.0,16.0,0.2,32.0,19.0,0.0,37.0,27.0,0.0,43.0,20.0,0.2,46.0,27.0,0.8,32.0,10.0,0.0,22.0,8.0,0.2,36.0,9.0,0.0,45.0,25.0,0.1,47.0,31.0,0.5,34.0,14.0,0.0,26.0,6.0,0.4,28.0,16.0,0.4,31.0,17.0,0.1,29.0,7.0,0.3,27.0,8.0,,,,0.0,36.0,17.0,,,,,,,0.0,39.0,27.0,0.0,50.0,27.0,0.0,56.0,34.0,0.0,52.0,32.0,0.0,43.0,31.0,0.1,43.0,31.0
14,2007-03-01,2007,2007,2007,3,3,3,0.2,22.0,10.0,0.0,45.0,26.0,0.0,50.0,23.0,0.0,58.0,34.0,0.0,58.0,41.0,0.0,53.0,38.0,0.0,48.0,29.0,0.0,55.0,33.0,0.0,63.0,41.0,0.0,60.0,41.0,0.0,59.0,38.0,0.1,25.0,4.0,0.3,54.0,34.0,0.4,47.0,31.0,0.0,50.0,30.0,0.1,51.0,31.0,0.0,53.0,31.0,0.1,54.0,33.0,0.0,54.0,37.0,0.3,47.0,23.0,0.3,36.0,23.0,0.2,40.0,18.0,0.0,28.0,2.0,0.2,34.0,16.0,0.1,47.0,29.0,0.0,43.0,17.0,0.1,52.0,31.0,0.1,47.0,31.0,0.1,53.0,31.0,0.4,44.0,27.0,0.0,49.0,29.0
15,2007-04-01,2007,2007,2007,4,4,4,0.0,49.0,34.0,0.1,30.0,21.0,0.0,37.0,19.0,0.0,43.0,24.0,0.0,46.0,26.0,0.0,54.0,28.0,0.0,52.0,36.0,0.0,52.0,31.0,0.0,53.0,33.0,0.5,45.0,21.0,0.0,38.0,20.0,0.0,48.0,35.0,0.0,46.0,29.0,0.0,43.0,28.0,0.4,41.0,30.0,0.0,45.0,28.0,0.0,50.0,32.0,0.0,53.0,33.0,0.0,53.0,37.0,0.0,57.0,35.0,0.0,66.0,44.0,0.0,67.0,48.0,0.0,49.0,29.0,0.0,64.0,47.0,,,,0.0,58.0,36.0,0.0,54.0,38.0,0.0,57.0,38.0,0.0,55.0,36.0,0.0,46.0,31.0,0.1,48.0,27.0
16,2007-05-01,2007,2007,2007,5,5,5,0.0,66.0,48.0,0.0,67.0,45.0,0.0,70.0,49.0,0.0,70.0,53.0,0.0,66.0,48.0,0.0,60.0,42.0,0.0,65.0,39.0,0.0,68.0,44.0,0.0,68.0,45.0,0.0,69.0,47.0,0.0,69.0,48.0,0.0,62.0,45.0,0.0,68.0,48.0,0.3,54.0,28.0,0.0,45.0,23.0,0.0,50.0,27.0,0.0,54.0,31.0,0.0,61.0,38.0,0.0,65.0,44.0,0.0,69.0,49.0,0.0,64.0,40.0,0.0,53.0,33.0,0.5,49.0,26.0,0.0,59.0,34.0,0.0,63.0,40.0,0.1,38.0,26.0,0.0,36.0,26.0,0.0,43.0,28.0,0.0,54.0,33.0,0.0,60.0,38.0,0.0,63.0,42.0
17,2007-06-01,2007,2007,2007,6,6,6,0.0,67.0,44.0,0.0,69.0,45.0,0.0,64.0,48.0,0.0,64.0,46.0,0.0,69.0,47.0,0.0,71.0,50.0,0.0,76.0,51.0,0.0,77.0,60.0,0.0,65.0,43.0,0.0,64.0,40.0,0.0,75.0,49.0,0.0,71.0,48.0,0.0,76.0,60.0,0.0,77.0,56.0,0.0,78.0,56.0,0.0,78.0,57.0,0.0,76.0,59.0,0.1,70.0,53.0,0.0,76.0,49.0,0.0,77.0,52.0,0.0,76.0,53.0,0.0,77.0,55.0,0.0,71.0,50.0,0.0,76.0,56.0,,,,0.0,72.0,49.0,0.1,67.0,54.0,0.8,54.0,31.0,0.0,42.0,30.0,0.0,56.0,31.0,0.0,65.0,39.0
18,2007-07-01,2007,2007,2007,7,7,7,0.0,81.0,55.0,0.0,82.0,58.0,0.0,79.0,59.0,0.0,72.0,52.0,0.0,79.0,53.0,0.0,83.0,55.0,0.0,84.0,58.0,0.0,78.0,58.0,0.0,75.0,56.0,0.0,79.0,56.0,0.0,80.0,61.0,0.0,81.0,55.0,0.0,79.0,56.0,0.0,80.0,57.0,0.0,81.0,58.0,0.1,78.0,56.0,0.0,73.0,55.0,0.2,72.0,53.0,0.0,72.0,51.0,0.0,75.0,51.0,0.0,79.0,54.0,0.2,81.0,55.0,0.0,78.0,54.0,0.1,82.0,57.0,0.0,79.0,56.0,0.0,79.0,56.0,0.0,81.0,57.0,0.0,81.0,57.0,0.0,81.0,58.0,0.1,76.0,56.0,0.0,80.0,56.0
19,2007-08-01,2007,2007,2007,8,8,8,0.1,75.0,54.0,0.0,72.0,55.0,0.0,75.0,54.0,0.0,78.0,57.0,0.0,80.0,57.0,0.0,80.0,55.0,0.0,80.0,55.0,0.0,80.0,55.0,0.0,77.0,55.0,0.3,69.0,52.0,0.1,73.0,54.0,0.4,72.0,53.0,0.0,72.0,50.0,0.0,74.0,53.0,0.0,76.0,54.0,0.0,69.0,50.0,0.0,71.0,46.0,0.0,78.0,52.0,0.3,76.0,50.0,0.1,70.0,47.0,0.0,73.0,51.0,0.0,74.0,53.0,0.0,69.0,54.0,0.0,79.0,51.0,0.0,74.0,57.0,0.0,76.0,53.0,0.0,74.0,55.0,0.0,72.0,56.0,0.0,71.0,54.0,0.0,72.0,51.0,0.0,74.0,55.0
20,2007-09-01,2007,2007,2007,9,9,9,0.0,77.0,54.0,0.0,64.0,39.0,0.0,68.0,45.0,0.0,71.0,45.0,0.0,69.0,48.0,0.0,69.0,53.0,0.1,66.0,52.0,0.0,65.0,49.0,0.0,61.0,41.0,0.0,60.0,38.0,0.0,64.0,48.0,0.0,80.0,55.0,0.0,67.0,43.0,0.0,67.0,47.0,1.0,63.0,45.0,0.3,47.0,32.0,0.1,40.0,28.0,0.0,49.0,27.0,0.0,55.0,31.0,0.0,62.0,39.0,0.0,61.0,44.0,0.3,50.0,,0.0,74.0,55.0,0.0,54.0,22.0,,,,0.4,75.0,50.0,0.6,63.0,43.0,0.0,59.0,42.0,0.0,66.0,43.0,0.0,68.0,49.0,0.0,67.0,44.0
21,2007-10-01,2007,2007,2007,10,10,10,0.0,58.0,35.0,0.0,62.0,39.0,0.0,56.0,34.0,0.0,56.0,41.0,0.4,44.0,33.0,0.0,48.0,34.0,0.0,52.0,34.0,0.5,51.0,33.0,0.3,35.0,26.0,0.0,37.0,24.0,0.0,55.0,36.0,0.0,50.0,28.0,0.6,49.0,22.0,0.0,39.0,20.0,0.0,41.0,19.0,0.0,57.0,31.0,0.0,65.0,43.0,0.0,62.0,43.0,0.0,58.0,42.0,0.0,56.0,40.0,0.0,59.0,40.0,0.0,59.0,43.0,0.0,59.0,45.0,0.1,51.0,36.0,0.0,47.0,31.0,0.0,62.0,49.0,1.2,53.0,30.0,0.4,36.0,26.0,0.0,38.0,21.0,0.0,56.0,27.0,0.0,63.0,39.0
22,2007-11-01,2007,2007,2007,11,11,11,0.0,48.0,30.0,0.0,52.0,38.0,0.1,43.0,31.0,0.0,46.0,24.0,0.0,50.0,32.0,0.0,39.0,24.0,0.0,53.0,31.0,0.0,50.0,36.0,0.0,50.0,37.0,0.0,54.0,38.0,0.0,54.0,37.0,0.0,46.0,29.0,0.0,40.0,16.0,0.0,27.0,13.0,0.0,34.0,16.0,0.0,35.0,14.0,0.0,38.0,16.0,0.0,44.0,23.0,0.0,37.0,24.0,0.2,41.0,17.0,0.1,26.0,11.0,0.0,35.0,19.0,0.0,50.0,29.0,1.1,36.0,26.0,,,,0.0,54.0,34.0,0.0,56.0,37.0,0.0,55.0,39.0,0.0,56.0,39.0,0.0,57.0,39.0,0.0,55.0,40.0
23,2007-12-01,2007,2007,2007,12,12,12,0.3,30.0,15.0,0.0,36.0,11.0,0.0,22.0,5.0,0.1,25.0,2.0,0.0,31.0,9.0,0.0,19.0,2.0,0.1,23.0,1.0,0.1,39.0,18.0,0.0,35.0,24.0,0.1,36.0,19.0,0.3,31.0,25.0,0.1,31.0,9.0,1.1,31.0,17.0,0.0,24.0,3.0,0.2,21.0,-1.0,0.1,27.0,15.0,0.1,39.0,12.0,0.0,25.0,2.0,0.0,18.0,2.0,0.0,19.0,-2.0,0.2,15.0,-1.0,0.2,22.0,11.0,0.0,47.0,23.0,0.3,27.0,10.0,0.0,19.0,0.0,0.0,52.0,35.0,0.0,46.0,31.0,0.5,35.0,28.0,1.8,33.0,28.0,0.7,32.0,15.0,0.1,28.0,12.0
24,2008-01-01,2008,2008,2008,1,1,1,0.0,35.0,0.0,0.0,30.0,13.0,0.2,31.0,21.0,0.0,31.0,18.0,0.0,30.0,13.0,0.0,39.0,12.0,0.0,30.0,-2.0,0.0,10.0,-6.0,0.1,15.0,-7.0,0.0,25.0,3.0,0.1,31.0,7.0,0.0,43.0,29.0,0.0,32.0,20.0,0.7,24.0,7.0,0.2,33.0,6.0,0.0,28.0,5.0,0.1,27.0,12.0,0.5,26.0,18.0,0.1,39.0,18.0,0.3,34.0,24.0,0.7,29.0,7.0,0.2,22.0,4.0,0.1,45.0,28.0,0.5,17.0,7.0,0.2,26.0,2.0,0.1,40.0,28.0,1.1,34.0,16.0,1.5,25.0,10.0,0.2,29.0,8.0,0.1,28.0,8.0,0.6,27.0,14.0
25,2008-02-01,2008,2008,2008,2,2,2,0.5,23.0,5.0,0.0,44.0,24.0,0.0,36.0,21.0,0.0,39.0,20.0,0.2,39.0,16.0,0.2,31.0,10.0,0.2,34.0,10.0,0.1,35.0,14.0,0.0,31.0,12.0,0.0,38.0,11.0,0.0,47.0,25.0,0.1,24.0,9.0,0.0,37.0,27.0,0.0,33.0,20.0,0.8,34.0,24.0,0.1,38.0,19.0,0.8,35.0,24.0,0.2,36.0,23.0,0.0,39.0,17.0,0.0,47.0,20.0,0.0,46.0,26.0,0.0,52.0,24.0,1.2,27.0,16.0,,,,,,,0.0,27.0,5.0,0.0,22.0,1.0,0.1,22.0,7.0,0.1,32.0,11.0,0.4,30.0,15.0,0.1,36.0,24.0
26,2008-03-01,2008,2008,2008,3,3,3,0.2,47.0,17.0,0.0,42.0,20.0,0.0,49.0,25.0,0.0,43.0,29.0,0.1,42.0,26.0,0.1,36.0,18.0,0.1,29.0,16.0,0.0,33.0,15.0,0.0,37.0,13.0,0.0,40.0,17.0,0.0,48.0,27.0,0.1,29.0,11.0,0.0,40.0,26.0,0.0,39.0,24.0,0.0,39.0,17.0,0.0,45.0,18.0,0.0,49.0,35.0,0.0,49.0,38.0,0.0,45.0,31.0,0.0,31.0,15.0,0.0,40.0,15.0,0.0,42.0,24.0,0.0,33.0,7.0,0.3,32.0,20.0,0.2,26.0,9.0,0.0,30.0,9.0,0.0,27.0,8.0,0.0,34.0,9.0,0.0,42.0,15.0,0.0,39.0,20.0,0.0,38.0,18.0
27,2008-04-01,2008,2008,2008,4,4,4,0.1,39.0,8.0,0.0,38.0,16.0,0.1,37.0,20.0,0.0,46.0,20.0,0.0,55.0,31.0,0.0,60.0,37.0,0.1,50.0,18.0,0.0,34.0,13.0,0.0,42.0,17.0,0.0,54.0,29.0,0.0,54.0,40.0,0.1,41.0,24.0,0.0,42.0,17.0,0.0,38.0,17.0,0.0,52.0,31.0,0.0,47.0,35.0,0.1,39.0,22.0,0.0,42.0,21.0,0.0,44.0,24.0,0.0,55.0,26.0,0.0,60.0,36.0,0.0,57.0,44.0,0.0,43.0,21.0,0.0,45.0,21.0,,,,0.0,45.0,20.0,0.0,38.0,22.0,0.1,40.0,23.0,0.3,38.0,17.0,0.3,43.0,16.0,0.0,35.0,18.0
28,2008-05-01,2008,2008,2008,5,5,5,0.0,34.0,17.0,0.0,47.0,28.0,0.0,59.0,36.0,0.1,42.0,26.0,0.0,49.0,25.0,0.0,50.0,38.0,0.0,57.0,37.0,0.0,61.0,40.0,0.0,65.0,45.0,0.0,68.0,49.0,0.0,67.0,51.0,0.0,44.0,23.0,0.0,72.0,49.0,0.5,49.0,30.0,0.2,36.0,29.0,0.1,43.0,29.0,0.0,48.0,32.0,0.1,51.0,33.0,0.3,42.0,33.0,0.0,56.0,34.0,0.0,56.0,44.0,0.0,53.0,38.0,0.0,49.0,26.0,0.0,56.0,37.0,0.0,63.0,42.0,0.0,58.0,35.0,0.0,62.0,40.0,0.0,60.0,42.0,0.2,52.0,34.0,0.0,47.0,32.0,0.1,48.0,34.0
29,2008-06-01,2008,2008,2008,6,6,6,0.0,68.0,47.0,0.0,62.0,35.0,0.0,47.0,31.0,0.0,52.0,32.0,0.0,62.0,37.0,0.0,70.0,47.0,0.0,72.0,54.0,0.0,72.0,51.0,0.0,75.0,53.0,0.0,70.0,50.0,0.0,67.0,47.0,0.1,62.0,43.0,0.0,71.0,45.0,0.0,76.0,53.0,0.0,72.0,53.0,0.0,72.0,49.0,0.0,75.0,51.0,0.0,73.0,56.0,0.0,74.0,53.0,0.0,71.0,49.0,0.0,74.0,51.0,0.0,75.0,52.0,0.1,58.0,42.0,0.0,77.0,54.0,,,,0.3,43.0,35.0,0.0,50.0,36.0,0.1,55.0,36.0,0.1,46.0,32.0,0.0,51.0,31.0,0.0,61.0,37.0
30,2008-07-01,2008,2008,2008,7,7,7,0.0,78.0,54.0,0.0,76.0,53.0,0.0,73.0,50.0,0.0,73.0,50.0,0.0,74.0,49.0,0.0,73.0,54.0,0.0,77.0,51.0,0.0,68.0,51.0,0.0,75.0,50.0,0.0,77.0,55.0,0.0,79.0,56.0,0.0,75.0,52.0,0.0,76.0,55.0,0.0,72.0,53.0,0.0,75.0,54.0,0.0,76.0,55.0,0.0,78.0,56.0,0.0,82.0,58.0,0.0,80.0,53.0,0.2,77.0,50.0,0.1,73.0,50.0,0.0,77.0,52.0,0.0,79.0,56.0,0.0,76.0,51.0,0.0,78.0,55.0,0.0,78.0,60.0,0.0,76.0,53.0,0.0,72.0,51.0,0.0,72.0,49.0,0.0,73.0,51.0,0.0,75.0,52.0
31,2008-08-01,2008,2008,2008,8,8,8,0.0,80.0,60.0,0.0,73.0,51.0,0.0,69.0,48.0,0.0,74.0,46.0,0.0,76.0,52.0,0.0,73.0,52.0,0.0,67.0,44.0,0.1,64.0,40.0,0.0,72.0,45.0,0.0,75.0,53.0,0.0,74.0,52.0,0.0,77.0,59.0,0.0,73.0,50.0,0.0,75.0,50.0,0.0,72.0,50.0,0.0,78.0,54.0,0.0,80.0,55.0,0.0,78.0,54.0,0.0,71.0,49.0,0.0,70.0,47.0,0.0,71.0,48.0,0.0,73.0,48.0,0.0,77.0,54.0,0.2,78.0,51.0,1.7,66.0,41.0,0.0,78.0,54.0,0.1,68.0,55.0,0.1,73.0,53.0,0.0,72.0,51.0,0.0,72.0,54.0,0.0,75.0,52.0
32,2008-09-01,2008,2008,2008,9,9,9,0.8,48.0,33.0,0.5,60.0,41.0,0.1,56.0,36.0,0.0,58.0,35.0,0.0,64.0,41.0,0.0,66.0,42.0,0.0,68.0,45.0,0.1,70.0,45.0,0.0,70.0,45.0,0.0,67.0,45.0,0.1,67.0,45.0,0.3,59.0,33.0,0.2,62.0,46.0,0.0,60.0,40.0,0.1,53.0,36.0,0.1,56.0,35.0,0.0,66.0,40.0,0.0,67.0,49.0,0.0,68.0,48.0,0.0,72.0,48.0,0.1,69.0,48.0,0.0,68.0,47.0,0.0,59.0,41.0,0.0,71.0,48.0,,,,0.0,63.0,40.0,0.0,60.0,38.0,0.0,62.0,44.0,0.0,67.0,44.0,0.0,70.0,47.0,0.2,66.0,44.0
33,2008-10-01,2008,2008,2008,10,10,10,0.0,69.0,48.0,0.0,40.0,26.0,0.1,34.0,18.0,0.1,30.0,16.0,0.0,36.0,17.0,0.1,47.0,23.0,0.0,53.0,32.0,0.0,56.0,38.0,0.0,61.0,38.0,0.0,60.0,44.0,0.0,58.0,40.0,0.0,68.0,45.0,0.0,56.0,43.0,0.0,46.0,25.0,0.0,43.0,22.0,0.0,50.0,26.0,0.0,51.0,36.0,0.0,55.0,42.0,0.1,60.0,40.0,0.0,62.0,41.0,0.0,64.0,45.0,0.0,60.0,42.0,0.2,59.0,43.0,0.0,60.0,42.0,0.4,55.0,42.0,1.4,49.0,33.0,0.3,45.0,35.0,0.0,51.0,35.0,0.0,57.0,35.0,0.0,59.0,40.0,0.0,56.0,30.0
34,2008-11-01,2008,2008,2008,11,11,11,0.1,55.0,42.0,0.1,36.0,28.0,0.0,36.0,22.0,0.1,40.0,29.0,0.0,43.0,31.0,0.0,42.0,24.0,0.0,45.0,23.0,0.0,55.0,34.0,0.1,58.0,38.0,0.0,60.0,40.0,0.0,54.0,37.0,3.2,48.0,31.0,0.0,46.0,32.0,0.0,43.0,26.0,0.0,49.0,29.0,0.0,42.0,27.0,0.0,50.0,27.0,0.0,52.0,33.0,0.0,50.0,33.0,0.1,40.0,28.0,0.0,37.0,26.0,0.1,37.0,26.0,0.4,45.0,28.0,0.0,42.0,30.0,,,,1.0,40.0,22.0,0.3,27.0,12.0,0.2,32.0,12.0,0.0,40.0,20.0,0.1,49.0,28.0,0.2,39.0,31.0
35,2008-12-01,2008,2008,2008,12,12,12,0.0,48.0,29.0,0.0,38.0,15.0,0.0,40.0,25.0,0.1,41.0,28.0,0.5,32.0,7.0,0.1,17.0,6.0,0.7,14.0,6.0,0.9,20.0,6.0,0.1,27.0,8.0,0.5,28.0,14.0,0.2,22.0,6.0,0.1,46.0,27.0,0.0,14.0,7.0,0.4,33.0,7.0,0.6,31.0,9.0,0.0,18.0,2.0,0.2,25.0,3.0,2.5,27.0,16.0,0.0,17.0,1.0,0.0,19.0,-1.0,0.1,39.0,18.0,0.0,42.0,27.0,0.0,35.0,26.0,0.0,42.0,25.0,0.0,43.0,26.0,0.0,33.0,17.0,0.0,33.0,15.0,0.0,47.0,25.0,0.0,46.0,29.0,0.0,33.0,18.0,0.0,28.0,13.0
36,2009-01-01,2009,2009,2009,1,1,1,0.0,40.0,26.0,0.0,31.0,12.0,0.0,35.0,21.0,0.0,40.0,24.0,0.0,39.0,22.0,0.0,38.0,21.0,0.0,40.0,22.0,0.0,47.0,25.0,0.0,44.0,26.0,0.0,48.0,31.0,0.0,54.0,31.0,0.4,40.0,22.0,0.0,52.0,33.0,0.1,53.0,33.0,0.5,47.0,33.0,0.3,44.0,30.0,1.7,37.0,29.0,0.9,30.0,22.0,0.1,24.0,4.0,0.1,25.0,-7.0,0.1,24.0,11.0,0.0,31.0,10.0,0.0,22.0,-1.0,0.0,42.0,14.0,0.0,41.0,21.0,0.0,22.0,-3.0,0.4,22.0,7.0,0.6,31.0,20.0,0.0,39.0,28.0,0.0,46.0,24.0,0.0,31.0,12.0
37,2009-02-01,2009,2009,2009,2,2,2,0.0,36.0,16.0,0.2,33.0,9.0,0.1,25.0,12.0,0.1,31.0,7.0,0.4,31.0,5.0,0.2,24.0,13.0,0.1,34.0,10.0,0.3,32.0,21.0,1.4,25.0,21.0,0.0,31.0,19.0,0.0,35.0,13.0,0.0,39.0,17.0,0.0,38.0,17.0,0.1,46.0,20.0,0.0,50.0,31.0,0.1,41.0,34.0,0.0,47.0,35.0,0.0,44.0,32.0,0.0,40.0,27.0,0.0,30.0,11.0,0.0,43.0,14.0,,,,0.0,45.0,24.0,,,,,,,0.0,53.0,26.0,0.0,45.0,29.0,0.9,37.0,27.0,0.1,39.0,25.0,0.3,35.0,24.0,0.8,29.0,18.0
38,2009-03-01,2009,2009,2009,3,3,3,0.0,55.0,32.0,0.0,24.0,9.0,0.0,43.0,15.0,0.0,41.0,20.0,0.0,42.0,17.0,0.0,49.0,21.0,0.0,45.0,31.0,0.0,49.0,33.0,0.0,51.0,35.0,0.0,52.0,33.0,0.0,56.0,32.0,0.0,48.0,41.0,0.0,58.0,37.0,0.0,54.0,39.0,0.0,45.0,24.0,0.2,29.0,22.0,0.0,34.0,17.0,0.3,30.0,23.0,0.1,29.0,13.0,0.0,34.0,11.0,0.0,44.0,17.0,0.2,39.0,14.0,0.0,51.0,38.0,0.1,28.0,15.0,0.2,35.0,19.0,0.2,43.0,26.0,0.0,30.0,15.0,0.2,27.0,14.0,0.0,31.0,12.0,0.0,40.0,13.0,0.8,30.0,10.0
39,2009-04-01,2009,2009,2009,4,4,4,0.1,34.0,14.0,0.0,49.0,31.0,0.2,41.0,30.0,0.0,47.0,27.0,0.0,51.0,30.0,1.6,44.0,30.0,0.9,37.0,22.0,0.4,40.0,19.0,0.0,48.0,25.0,0.0,50.0,30.0,0.0,55.0,32.0,0.8,41.0,22.0,0.0,59.0,37.0,0.0,61.0,39.0,0.0,62.0,41.0,0.1,61.0,46.0,0.2,51.0,33.0,0.3,48.0,28.0,0.0,39.0,22.0,0.2,48.0,19.0,0.0,52.0,32.0,0.0,49.0,30.0,0.5,35.0,21.0,0.0,52.0,34.0,,,,0.0,36.0,20.0,0.0,42.0,17.0,0.0,53.0,21.0,0.1,58.0,31.0,0.4,42.0,27.0,0.3,40.0,27.0
40,2009-05-01,2009,2009,2009,5,5,5,0.1,50.0,33.0,0.0,52.0,35.0,0.0,62.0,39.0,0.0,56.0,41.0,0.0,47.0,30.0,0.0,54.0,35.0,0.0,54.0,38.0,0.0,60.0,37.0,0.0,67.0,46.0,0.0,72.0,49.0,0.0,66.0,48.0,0.9,44.0,34.0,0.1,62.0,46.0,0.0,65.0,45.0,0.0,65.0,46.0,0.1,57.0,44.0,0.3,54.0,39.0,0.0,58.0,37.0,0.1,58.0,38.0,0.0,62.0,41.0,0.0,67.0,45.0,0.0,67.0,47.0,0.4,50.0,33.0,0.0,64.0,45.0,0.0,62.0,44.0,0.1,47.0,31.0,0.0,54.0,38.0,0.0,58.0,42.0,0.0,53.0,38.0,0.0,46.0,31.0,0.0,53.0,30.0
41,2009-06-01,2009,2009,2009,6,6,6,0.0,62.0,44.0,0.4,49.0,40.0,0.2,52.0,36.0,0.4,58.0,35.0,0.6,57.0,38.0,0.1,60.0,37.0,0.0,58.0,37.0,0.2,61.0,40.0,0.6,55.0,42.0,0.0,56.0,40.0,0.0,64.0,38.0,0.0,63.0,42.0,1.5,58.0,38.0,0.2,61.0,38.0,0.1,63.0,40.0,0.0,69.0,44.0,0.0,73.0,49.0,0.0,73.0,48.0,0.4,63.0,41.0,0.0,67.0,43.0,0.0,70.0,45.0,0.0,73.0,49.0,0.1,65.0,42.0,0.0,76.0,53.0,,,,0.0,68.0,45.0,0.1,58.0,44.0,0.0,56.0,39.0,0.1,52.0,39.0,0.3,57.0,38.0,0.5,57.0,40.0
42,2009-07-01,2009,2009,2009,7,7,7,0.4,72.0,50.0,0.0,74.0,48.0,0.0,72.0,52.0,0.1,76.0,51.0,0.0,72.0,50.0,0.0,67.0,43.0,0.0,73.0,47.0,0.0,77.0,52.0,0.0,80.0,56.0,0.0,82.0,56.0,0.0,76.0,56.0,0.0,70.0,48.0,0.0,74.0,54.0,0.0,76.0,51.0,0.0,77.0,55.0,0.0,81.0,55.0,0.1,77.0,52.0,0.0,71.0,52.0,0.0,75.0,54.0,0.0,75.0,53.0,0.0,71.0,50.0,0.0,70.0,51.0,0.0,67.0,47.0,0.0,69.0,47.0,0.0,70.0,50.0,0.0,70.0,48.0,0.0,71.0,47.0,0.0,74.0,51.0,0.0,73.0,51.0,0.0,69.0,51.0,0.1,71.0,45.0
43,2009-08-01,2009,2009,2009,8,8,8,0.0,74.0,48.0,0.0,68.0,42.0,0.0,74.0,47.0,0.0,76.0,53.0,0.1,75.0,48.0,0.1,70.0,47.0,0.2,55.0,39.0,0.0,60.0,37.0,0.0,65.0,40.0,0.0,64.0,42.0,0.1,69.0,43.0,0.0,78.0,53.0,0.0,76.0,50.0,0.0,80.0,53.0,0.0,81.0,57.0,0.1,63.0,50.0,0.0,64.0,45.0,0.1,65.0,46.0,0.0,71.0,48.0,0.0,74.0,50.0,0.0,76.0,52.0,0.0,76.0,55.0,0.0,76.0,54.0,0.0,76.0,53.0,0.0,71.0,51.0,0.0,76.0,54.0,0.0,78.0,53.0,0.0,70.0,52.0,0.0,63.0,42.0,0.0,56.0,38.0,0.0,62.0,37.0
44,2009-09-01,2009,2009,2009,9,9,9,0.0,73.0,52.0,0.0,76.0,50.0,0.0,72.0,51.0,0.0,70.0,49.0,0.5,62.0,47.0,0.6,62.0,42.0,0.0,58.0,39.0,0.1,65.0,41.0,0.1,67.0,46.0,0.7,69.0,45.0,0.0,68.0,46.0,0.0,73.0,52.0,0.0,62.0,38.0,0.0,53.0,35.0,0.1,58.0,36.0,0.0,63.0,43.0,0.0,65.0,43.0,0.0,69.0,47.0,0.0,67.0,49.0,0.0,69.0,47.0,0.0,72.0,48.0,0.0,66.0,51.0,0.0,73.0,51.0,0.0,55.0,25.0,,,,0.0,76.0,51.0,0.0,65.0,49.0,0.0,69.0,50.0,0.0,69.0,52.0,0.0,65.0,46.0,0.0,71.0,47.0
45,2009-10-01,2009,2009,2009,10,10,10,0.1,38.0,18.0,0.0,45.0,28.0,0.0,49.0,35.0,0.3,54.0,36.0,1.4,50.0,35.0,0.8,46.0,37.0,0.0,52.0,36.0,0.0,55.0,35.0,0.0,63.0,38.0,0.0,62.0,52.0,0.0,55.0,36.0,0.1,48.0,23.0,0.1,42.0,32.0,0.0,46.0,29.0,0.0,47.0,31.0,0.1,47.0,30.0,0.1,47.0,29.0,0.1,38.0,24.0,0.1,45.0,23.0,0.0,42.0,17.0,0.0,30.0,18.0,0.0,29.0,16.0,0.0,50.0,33.0,0.0,37.0,21.0,0.0,49.0,27.0,1.0,44.0,27.0,0.1,40.0,21.0,0.1,45.0,20.0,0.0,53.0,27.0,0.0,43.0,31.0,0.1,47.0,30.0
46,2009-11-01,2009,2009,2009,11,11,11,0.0,52.0,35.0,0.0,50.0,38.0,0.0,51.0,45.0,0.0,46.0,28.0,0.2,31.0,16.0,0.2,32.0,9.0,0.1,26.0,7.0,0.0,41.0,14.0,0.0,53.0,29.0,0.0,50.0,29.0,0.0,42.0,24.0,0.0,52.0,36.0,0.0,47.0,27.0,0.0,39.0,18.0,0.2,40.0,17.0,0.0,31.0,13.0,0.0,36.0,12.0,0.0,45.0,22.0,0.0,55.0,33.0,0.0,49.0,38.0,0.0,39.0,26.0,0.0,39.0,22.0,0.0,55.0,36.0,0.0,47.0,25.0,,,,0.0,63.0,39.0,0.0,58.0,42.0,0.0,52.0,37.0,0.0,49.0,34.0,0.0,42.0,28.0,0.1,48.0,28.0
47,2009-12-01,2009,2009,2009,12,12,12,0.0,39.0,20.0,0.2,24.0,0.0,0.2,36.0,11.0,1.4,30.0,22.0,2.2,29.0,24.0,0.0,28.0,15.0,0.0,41.0,15.0,0.0,45.0,29.0,0.0,41.0,23.0,0.0,35.0,18.0,0.0,40.0,17.0,0.0,29.0,8.0,0.0,48.0,24.0,0.0,43.0,24.0,0.5,31.0,22.0,0.0,33.0,7.0,0.0,23.0,1.0,0.0,26.0,5.0,0.0,30.0,7.0,0.0,29.0,12.0,0.0,31.0,14.0,0.1,25.0,15.0,0.0,19.0,2.0,0.2,22.0,12.0,0.2,26.0,7.0,0.0,32.0,1.0,0.0,28.0,4.0,0.1,12.0,1.0,0.4,18.0,6.0,0.3,14.0,-5.0,0.0,12.0,-6.0
48,2010-01-01,2010,2010,2010,1,1,1,0.0,38.0,21.0,0.0,43.0,24.0,0.0,48.0,26.0,0.0,46.0,30.0,0.0,45.0,27.0,0.0,36.0,17.0,0.0,39.0,16.0,0.0,48.0,31.0,0.0,43.0,27.0,0.8,31.0,25.0,0.9,35.0,24.0,0.0,35.0,18.0,0.4,28.0,20.0,0.9,33.0,23.0,1.5,27.0,20.0,0.1,24.0,18.0,0.0,24.0,10.0,0.1,34.0,11.0,0.4,35.0,21.0,0.1,32.0,23.0,0.1,29.0,16.0,0.0,41.0,15.0,0.0,33.0,15.0,0.4,39.0,20.0,0.1,36.0,22.0,0.1,42.0,19.0,0.0,38.0,26.0,0.0,34.0,22.0,0.0,27.0,10.0,0.0,39.0,13.0,0.1,40.0,25.0
49,2010-02-01,2010,2010,2010,2,2,2,0.0,32.0,16.0,0.1,34.0,14.0,0.1,33.0,21.0,0.0,35.0,21.0,0.2,33.0,22.0,0.0,39.0,19.0,0.1,34.0,22.0,0.0,38.0,21.0,0.0,37.0,22.0,0.0,37.0,16.0,0.1,30.0,16.0,0.0,44.0,19.0,0.0,28.0,12.0,0.1,24.0,8.0,0.0,28.0,4.0,0.1,37.0,7.0,0.4,32.0,23.0,0.0,37.0,19.0,0.0,43.0,14.0,0.0,41.0,23.0,0.0,40.0,21.0,,,,0.0,41.0,22.0,,,,,,,0.0,35.0,20.0,0.2,34.0,23.0,0.2,35.0,26.0,0.0,36.0,18.0,0.0,33.0,12.0,0.0,32.0,11.0
50,2010-03-01,2010,2010,2010,3,3,3,0.0,43.0,21.0,0.0,31.0,10.0,0.0,32.0,7.0,0.0,48.0,15.0,0.5,36.0,26.0,0.1,44.0,24.0,0.0,47.0,21.0,0.0,51.0,26.0,0.0,55.0,32.0,0.1,52.0,23.0,0.0,36.0,18.0,0.1,45.0,24.0,0.0,38.0,13.0,0.1,49.0,23.0,0.0,44.0,24.0,0.0,37.0,17.0,0.0,42.0,18.0,0.0,42.0,26.0,0.0,34.0,17.0,0.0,42.0,15.0,0.2,46.0,20.0,0.0,51.0,32.0,0.0,42.0,26.0,0.0,49.0,27.0,0.9,30.0,24.0,0.4,41.0,22.0,0.2,41.0,22.0,0.0,42.0,20.0,0.3,40.0,26.0,0.0,42.0,24.0,0.2,45.0,24.0
51,2010-04-01,2010,2010,2010,4,4,4,0.3,30.0,17.0,0.1,52.0,25.0,0.0,53.0,40.0,0.2,49.0,26.0,0.3,42.0,24.0,0.1,50.0,22.0,0.0,56.0,33.0,0.0,59.0,41.0,0.0,54.0,38.0,0.0,60.0,39.0,0.0,63.0,40.0,0.4,34.0,17.0,0.0,58.0,40.0,0.1,50.0,33.0,0.1,40.0,24.0,0.1,40.0,28.0,0.0,47.0,29.0,0.0,46.0,32.0,0.0,50.0,31.0,0.0,56.0,36.0,0.1,46.0,22.0,0.1,33.0,20.0,0.4,32.0,21.0,0.2,38.0,22.0,,,,0.3,38.0,19.0,1.7,33.0,18.0,0.4,27.0,16.0,0.1,36.0,12.0,0.0,48.0,20.0,0.0,42.0,25.0
52,2010-05-01,2010,2010,2010,5,5,5,0.1,39.0,24.0,0.2,46.0,33.0,0.5,41.0,30.0,0.0,47.0,29.0,0.1,50.0,28.0,0.1,47.0,31.0,0.0,53.0,31.0,0.0,58.0,36.0,0.0,63.0,42.0,0.2,48.0,36.0,0.0,50.0,36.0,0.2,42.0,24.0,0.0,53.0,36.0,0.1,54.0,34.0,0.2,38.0,27.0,0.4,48.0,26.0,0.5,42.0,27.0,0.0,54.0,27.0,0.0,55.0,41.0,0.0,59.0,47.0,0.0,59.0,34.0,0.0,47.0,31.0,0.1,48.0,29.0,0.0,53.0,31.0,0.0,61.0,40.0,0.0,44.0,28.0,0.0,53.0,28.0,0.0,34.0,21.0,0.0,43.0,19.0,0.0,53.0,31.0,0.0,56.0,34.0
53,2010-06-01,2010,2010,2010,6,6,6,0.2,51.0,41.0,0.0,59.0,37.0,0.4,46.0,35.0,0.3,43.0,34.0,0.2,48.0,36.0,0.0,59.0,35.0,0.0,67.0,40.0,0.0,63.0,35.0,0.0,55.0,35.0,0.0,67.0,40.0,0.0,68.0,50.0,0.0,60.0,40.0,0.0,67.0,50.0,0.0,65.0,46.0,0.0,64.0,45.0,0.0,72.0,44.0,0.0,74.0,50.0,0.0,75.0,58.0,0.0,69.0,49.0,0.0,71.0,47.0,0.0,76.0,51.0,0.0,75.0,53.0,0.0,64.0,51.0,0.0,72.0,51.0,,,,0.0,66.0,50.0,0.0,66.0,47.0,0.0,75.0,54.0,0.2,71.0,45.0,0.2,63.0,40.0,0.0,69.0,47.0
54,2010-07-01,2010,2010,2010,7,7,7,0.0,74.0,51.0,0.0,74.0,45.0,0.0,70.0,50.0,0.0,74.0,53.0,0.0,74.0,55.0,0.0,72.0,53.0,0.0,76.0,52.0,0.0,83.0,56.0,0.0,77.0,58.0,0.0,79.0,56.0,0.0,76.0,57.0,0.0,71.0,53.0,0.0,78.0,53.0,0.2,74.0,52.0,0.0,75.0,54.0,0.0,76.0,54.0,0.0,79.0,53.0,0.0,79.0,55.0,0.0,78.0,49.0,0.0,74.0,49.0,0.1,76.0,52.0,0.0,72.0,54.0,0.0,66.0,47.0,0.0,76.0,52.0,0.0,78.0,55.0,0.0,59.0,42.0,0.0,68.0,43.0,0.0,67.0,48.0,0.0,70.0,45.0,0.0,72.0,48.0,0.1,73.0,46.0
55,2010-08-01,2010,2010,2010,8,8,8,0.0,75.0,55.0,0.0,69.0,47.0,0.0,71.0,53.0,0.0,65.0,46.0,0.0,70.0,43.0,0.0,71.0,48.0,0.0,76.0,52.0,0.0,74.0,54.0,0.0,76.0,50.0,0.2,75.0,50.0,0.3,61.0,44.0,0.0,77.0,53.0,0.0,72.0,45.0,0.2,76.0,52.0,0.0,73.0,47.0,0.0,63.0,42.0,0.0,70.0,43.0,0.0,75.0,50.0,0.0,78.0,52.0,0.6,70.0,47.0,0.0,66.0,52.0,0.0,62.0,44.0,0.0,76.0,56.0,0.0,52.0,38.0,0.0,59.0,39.0,1.6,70.0,45.0,0.6,72.0,47.0,0.0,73.0,51.0,0.0,70.0,46.0,0.1,69.0,45.0,0.0,67.0,45.0
56,2010-09-01,2010,2010,2010,9,9,9,0.0,63.0,42.0,0.0,52.0,32.0,0.0,62.0,33.0,0.0,69.0,42.0,0.0,68.0,46.0,0.0,65.0,46.0,0.0,66.0,45.0,0.0,70.0,45.0,0.0,72.0,50.0,0.0,71.0,50.0,0.0,74.0,57.0,0.0,66.0,44.0,0.0,64.0,44.0,0.0,67.0,42.0,0.5,60.0,42.0,0.0,58.0,41.0,0.0,66.0,41.0,0.0,71.0,48.0,0.0,73.0,50.0,0.0,75.0,50.0,0.1,75.0,51.0,0.0,73.0,51.0,0.0,72.0,45.0,0.0,73.0,50.0,,,,0.0,75.0,53.0,0.0,68.0,38.0,0.0,56.0,30.0,0.1,70.0,41.0,0.1,65.0,43.0,0.0,54.0,37.0
57,2010-10-01,2010,2010,2010,10,10,10,0.0,75.0,51.0,0.1,55.0,35.0,0.0,57.0,36.0,0.0,54.0,32.0,0.0,57.0,35.0,0.0,62.0,40.0,0.0,61.0,42.0,0.0,62.0,42.0,0.0,57.0,42.0,0.0,56.0,37.0,0.1,55.0,36.0,0.0,76.0,52.0,0.0,60.0,39.0,0.0,58.0,39.0,0.0,48.0,38.0,0.3,42.0,34.0,3.8,43.0,36.0,0.7,41.0,24.0,0.3,35.0,21.0,0.1,35.0,18.0,0.1,48.0,22.0,0.1,52.0,43.0,0.0,70.0,48.0,0.4,51.0,33.0,0.1,44.0,31.0,0.6,54.0,41.0,0.1,53.0,40.0,0.5,51.0,39.0,0.2,52.0,36.0,0.0,46.0,35.0,0.0,49.0,34.0
58,2010-11-01,2010,2010,2010,11,11,11,0.0,48.0,31.0,0.2,32.0,13.0,0.0,32.0,14.0,0.0,36.0,14.0,0.0,34.0,17.0,0.3,32.0,21.0,0.6,37.0,30.0,0.1,41.0,21.0,0.0,41.0,18.0,0.1,47.0,32.0,0.0,41.0,33.0,0.0,54.0,36.0,1.6,38.0,22.0,1.3,28.0,17.0,0.4,23.0,17.0,0.5,24.0,1.0,0.0,6.0,-5.0,0.0,15.0,-10.0,0.0,38.0,6.0,0.0,38.0,23.0,0.4,25.0,12.0,0.0,26.0,0.0,0.0,59.0,38.0,0.1,27.0,0.0,,,,0.0,59.0,41.0,0.0,58.0,42.0,0.0,58.0,40.0,0.0,49.0,38.0,1.2,45.0,24.0,0.0,33.0,12.0
59,2010-12-01,2010,2010,2010,12,12,12,0.0,41.0,23.0,0.5,36.0,25.0,0.0,34.0,25.0,0.0,43.0,29.0,0.0,51.0,32.0,0.3,45.0,31.0,0.4,31.0,10.0,0.0,28.0,8.0,0.4,28.0,8.0,1.3,36.0,26.0,5.2,38.0,31.0,0.0,52.0,28.0,1.0,33.0,21.0,0.8,32.0,23.0,1.2,33.0,31.0,0.0,37.0,22.0,0.0,40.0,19.0,0.0,43.0,25.0,0.1,32.0,19.0,0.0,32.0,14.0,0.0,38.0,12.0,2.7,29.0,12.0,0.0,41.0,30.0,0.0,14.0,1.0,0.0,11.0,-10.0,0.2,43.0,30.0,0.0,51.0,30.0,0.6,35.0,29.0,0.0,38.0,23.0,0.0,47.0,25.0,0.0,45.0,30.0
60,2011-01-01,2011,2011,2011,1,1,1,0.0,16.0,-11.0,0.0,18.0,-3.0,0.0,27.0,-3.0,0.0,36.0,19.0,0.9,45.0,23.0,0.0,41.0,24.0,0.0,40.0,24.0,1.1,40.0,28.0,0.0,40.0,26.0,0.0,36.0,25.0,0.9,34.0,9.0,0.0,33.0,4.0,0.0,27.0,9.0,0.0,37.0,18.0,0.4,30.0,13.0,0.0,29.0,10.0,0.0,32.0,18.0,0.2,32.0,18.0,0.0,37.0,18.0,0.0,43.0,17.0,0.0,48.0,28.0,0.0,44.0,29.0,0.0,33.0,11.0,0.0,42.0,25.0,0.3,29.0,14.0,0.0,23.0,7.0,0.0,31.0,7.0,0.0,38.0,15.0,0.0,42.0,25.0,0.0,38.0,21.0,0.1,24.0,-2.0
61,2011-02-01,2011,2011,2011,2,2,2,0.0,14.0,-9.0,0.0,26.0,4.0,0.0,36.0,10.0,0.0,48.0,21.0,0.0,49.0,29.0,0.0,47.0,28.0,0.0,47.0,28.0,0.6,41.0,18.0,0.0,28.0,16.0,0.0,34.0,22.0,2.2,31.0,22.0,0.0,13.0,-10.0,1.0,27.0,16.0,0.0,31.0,15.0,0.2,31.0,16.0,0.0,34.0,14.0,0.0,27.0,20.0,0.7,27.0,19.0,0.7,30.0,17.0,0.0,27.0,10.0,0.0,40.0,11.0,,,,0.4,32.0,2.0,,,,,,,0.3,45.0,18.0,0.6,31.0,22.0,0.0,31.0,16.0,0.6,38.0,16.0,0.0,23.0,6.0,0.0,25.0,3.0
62,2011-03-01,2011,2011,2011,3,3,3,0.0,48.0,19.0,0.1,51.0,28.0,0.0,47.0,29.0,0.1,44.0,28.0,0.0,46.0,24.0,0.1,41.0,29.0,0.1,50.0,29.0,0.1,48.0,21.0,0.0,33.0,18.0,0.0,43.0,18.0,0.2,37.0,26.0,0.0,42.0,29.0,0.2,39.0,24.0,0.4,38.0,23.0,0.4,36.0,17.0,0.0,43.0,16.0,0.3,34.0,26.0,0.6,31.0,16.0,0.0,37.0,15.0,0.3,37.0,23.0,0.1,33.0,12.0,0.0,41.0,11.0,0.4,39.0,24.0,0.2,40.0,29.0,0.0,50.0,33.0,0.0,38.0,18.0,0.0,39.0,23.0,0.4,36.0,26.0,0.4,34.0,20.0,0.0,29.0,13.0,0.0,41.0,23.0
63,2011-04-01,2011,2011,2011,4,4,4,0.0,54.0,38.0,0.0,35.0,22.0,0.0,48.0,23.0,0.0,48.0,29.0,0.0,49.0,26.0,0.0,37.0,22.0,0.0,45.0,20.0,0.0,52.0,36.0,0.1,52.0,42.0,1.5,46.0,34.0,0.1,41.0,28.0,0.3,56.0,31.0,0.3,43.0,29.0,0.0,42.0,27.0,0.0,38.0,24.0,0.1,39.0,26.0,0.0,44.0,25.0,0.3,43.0,27.0,0.0,32.0,18.0,0.0,40.0,17.0,0.3,52.0,26.0,0.2,35.0,18.0,1.0,33.0,13.0,0.0,35.0,18.0,,,,0.0,36.0,11.0,0.4,51.0,27.0,0.0,44.0,25.0,0.5,38.0,27.0,0.5,37.0,22.0,0.1,37.0,22.0
64,2011-05-01,2011,2011,2011,5,5,5,0.0,44.0,20.0,0.1,42.0,29.0,0.0,51.0,31.0,0.0,55.0,32.0,0.0,64.0,40.0,0.2,59.0,38.0,0.0,60.0,38.0,0.1,45.0,31.0,1.0,41.0,30.0,0.4,40.0,31.0,0.4,50.0,30.0,0.0,46.0,22.0,0.2,46.0,33.0,0.0,53.0,38.0,0.2,56.0,37.0,0.5,48.0,35.0,0.0,45.0,34.0,0.1,57.0,31.0,0.0,53.0,37.0,0.0,48.0,34.0,0.3,50.0,32.0,0.7,43.0,30.0,0.0,51.0,33.0,0.3,46.0,29.0,0.0,59.0,31.0,0.1,44.0,28.0,0.0,58.0,30.0,0.0,58.0,43.0,0.0,62.0,44.0,0.4,53.0,32.0,0.3,38.0,29.0
65,2011-06-01,2011,2011,2011,6,6,6,0.0,63.0,45.0,0.0,62.0,36.0,0.0,64.0,42.0,0.0,60.0,47.0,0.0,61.0,43.0,0.0,62.0,43.0,0.0,68.0,45.0,0.0,61.0,37.0,0.0,59.0,34.0,0.0,63.0,41.0,1.1,51.0,39.0,0.0,47.0,30.0,0.0,58.0,39.0,0.0,66.0,42.0,0.0,72.0,48.0,0.0,75.0,55.0,0.0,70.0,51.0,0.0,71.0,49.0,0.0,67.0,48.0,0.0,72.0,46.0,0.0,75.0,54.0,0.2,73.0,51.0,0.0,53.0,29.0,0.0,65.0,46.0,,,,0.0,65.0,40.0,0.0,70.0,49.0,0.0,65.0,43.0,0.0,56.0,41.0,0.0,60.0,37.0,0.0,52.0,35.0
66,2011-07-01,2011,2011,2011,7,7,7,0.0,70.0,47.0,0.0,71.0,46.0,0.0,71.0,47.0,0.0,70.0,50.0,0.0,69.0,48.0,0.0,70.0,53.0,0.0,69.0,52.0,0.0,73.0,48.0,0.0,75.0,53.0,0.0,76.0,52.0,0.5,72.0,54.0,0.0,77.0,51.0,0.0,72.0,51.0,0.0,75.0,54.0,0.0,74.0,55.0,0.0,74.0,50.0,0.0,78.0,53.0,0.1,76.0,52.0,0.3,71.0,49.0,0.0,69.0,48.0,0.0,74.0,48.0,0.0,76.0,53.0,0.0,79.0,54.0,0.0,76.0,56.0,0.0,69.0,54.0,0.0,70.0,53.0,0.0,72.0,51.0,0.0,72.0,48.0,0.4,71.0,51.0,0.1,69.0,50.0,0.8,72.0,47.0
67,2011-08-01,2011,2011,2011,8,8,8,0.2,67.0,53.0,0.0,73.0,50.0,0.1,73.0,52.0,0.0,74.0,50.0,0.0,77.0,53.0,0.2,71.0,50.0,0.3,71.0,46.0,0.0,72.0,49.0,0.0,75.0,52.0,0.0,77.0,52.0,0.0,74.0,54.0,0.0,72.0,50.0,0.1,76.0,53.0,0.0,75.0,51.0,0.0,76.0,53.0,0.0,77.0,54.0,0.0,80.0,56.0,0.1,78.0,56.0,0.0,78.0,53.0,0.5,78.0,52.0,0.5,72.0,49.0,0.1,72.0,47.0,0.0,68.0,49.0,0.0,74.0,50.0,0.1,70.0,55.0,0.2,73.0,48.0,0.0,73.0,49.0,0.0,72.0,51.0,0.0,73.0,50.0,0.0,74.0,50.0,0.0,74.0,52.0
68,2011-09-01,2011,2011,2011,9,9,9,0.0,69.0,50.0,0.0,63.0,45.0,0.0,63.0,42.0,0.0,62.0,42.0,0.0,65.0,42.0,0.0,64.0,44.0,0.0,62.0,41.0,0.5,63.0,41.0,0.6,56.0,39.0,0.1,60.0,40.0,0.4,64.0,41.0,0.0,66.0,44.0,0.0,63.0,45.0,0.0,64.0,42.0,0.0,65.0,40.0,0.0,67.0,45.0,0.0,68.0,43.0,0.0,69.0,47.0,0.0,65.0,45.0,0.0,68.0,44.0,0.0,70.0,48.0,0.0,71.0,48.0,0.0,68.0,44.0,0.0,73.0,47.0,,,,0.1,71.0,46.0,0.0,69.0,47.0,0.1,64.0,44.0,0.1,67.0,42.0,0.0,66.0,44.0,0.0,67.0,46.0
69,2011-10-01,2011,2011,2011,10,10,10,0.0,67.0,47.0,0.7,51.0,30.0,0.0,51.0,36.0,0.0,53.0,35.0,0.0,59.0,37.0,0.0,61.0,41.0,0.1,64.0,46.0,0.0,62.0,38.0,0.1,50.0,33.0,0.0,51.0,33.0,0.0,60.0,36.0,0.0,64.0,47.0,0.1,53.0,39.0,0.0,57.0,38.0,0.0,54.0,38.0,0.0,58.0,36.0,0.0,57.0,43.0,0.0,44.0,28.0,0.0,37.0,22.0,0.0,42.0,20.0,0.0,47.0,24.0,0.0,46.0,33.0,0.1,65.0,43.0,0.0,51.0,32.0,0.1,52.0,36.0,0.1,58.0,41.0,1.2,47.0,33.0,0.2,33.0,27.0,0.1,33.0,25.0,0.0,40.0,29.0,0.0,47.0,29.0
70,2011-11-01,2011,2011,2011,11,11,11,0.3,45.0,16.0,0.1,50.0,25.0,0.0,45.0,28.0,0.7,36.0,29.0,0.3,35.0,28.0,0.0,42.0,26.0,0.0,35.0,25.0,0.0,39.0,15.0,0.0,43.0,24.0,0.8,39.0,24.0,0.0,31.0,20.0,0.0,35.0,14.0,0.0,35.0,28.0,0.2,34.0,26.0,0.0,44.0,24.0,0.0,50.0,30.0,0.0,44.0,30.0,0.0,38.0,18.0,0.0,38.0,15.0,0.1,53.0,26.0,0.0,50.0,34.0,0.0,48.0,30.0,0.0,44.0,22.0,0.0,42.0,24.0,,,,0.3,47.0,26.0,0.0,26.0,15.0,0.2,31.0,14.0,0.0,36.0,16.0,0.0,31.0,14.0,0.0,41.0,15.0
71,2011-12-01,2011,2011,2011,12,12,12,0.0,33.0,14.0,0.0,42.0,21.0,0.0,44.0,23.0,0.3,34.0,22.0,0.1,31.0,19.0,0.0,29.0,13.0,0.0,37.0,13.0,0.0,33.0,15.0,0.0,45.0,18.0,0.0,47.0,27.0,0.0,33.0,18.0,0.0,39.0,12.0,0.0,32.0,13.0,0.0,24.0,9.0,0.0,27.0,13.0,0.0,36.0,13.0,0.0,39.0,16.0,0.0,46.0,24.0,0.0,42.0,26.0,0.0,39.0,24.0,0.1,42.0,23.0,0.0,42.0,31.0,0.0,26.0,7.0,0.0,47.0,28.0,0.0,28.0,16.0,0.2,21.0,8.0,0.0,23.0,-3.0,0.0,23.0,0.0,0.0,36.0,11.0,0.0,38.0,17.0,0.0,37.0,15.0
72,2012-01-01,2012,2012,2012,1,1,1,0.0,47.0,17.0,0.0,45.0,22.0,0.0,31.0,10.0,0.0,31.0,10.0,0.0,37.0,16.0,0.0,47.0,25.0,0.0,40.0,29.0,0.0,29.0,2.0,0.0,26.0,-1.0,0.7,34.0,25.0,0.4,42.0,29.0,0.0,53.0,33.0,0.2,40.0,29.0,2.2,41.0,20.0,0.0,28.0,16.0,0.4,29.0,20.0,0.0,36.0,13.0,0.0,41.0,15.0,0.3,39.0,25.0,0.0,29.0,8.0,0.0,32.0,7.0,0.0,44.0,19.0,0.0,50.0,31.0,0.0,40.0,22.0,0.0,40.0,19.0,0.0,52.0,30.0,0.0,51.0,33.0,0.0,43.0,27.0,0.1,31.0,15.0,0.0,29.0,11.0,0.0,44.0,19.0
73,2012-02-01,2012,2012,2012,2,2,2,0.2,38.0,22.0,0.0,39.0,26.0,0.1,40.0,29.0,0.9,37.0,24.0,0.1,38.0,22.0,0.0,36.0,15.0,0.1,33.0,18.0,0.0,38.0,13.0,0.0,35.0,12.0,0.2,39.0,14.0,0.0,29.0,12.0,0.0,36.0,19.0,0.2,27.0,10.0,0.4,33.0,19.0,0.2,44.0,30.0,0.1,30.0,16.0,0.0,37.0,15.0,0.0,39.0,13.0,0.0,28.0,7.0,0.5,36.0,20.0,0.3,26.0,18.0,0.3,33.0,17.0,0.0,30.0,15.0,,,,,,,0.0,33.0,13.0,0.0,36.0,13.0,0.0,34.0,14.0,0.0,34.0,13.0,0.1,36.0,23.0,0.0,32.0,21.0
74,2012-03-01,2012,2012,2012,3,3,3,0.4,26.0,12.0,0.0,54.0,31.0,0.0,50.0,30.0,0.0,50.0,31.0,0.0,48.0,38.0,0.0,48.0,35.0,0.0,56.0,34.0,0.1,50.0,40.0,0.2,44.0,33.0,1.1,34.0,20.0,0.6,32.0,13.0,0.0,26.0,10.0,0.1,34.0,10.0,0.0,50.0,25.0,0.1,57.0,31.0,0.0,53.0,40.0,0.0,57.0,40.0,0.0,55.0,40.0,0.7,46.0,23.0,0.1,47.0,25.0,0.3,51.0,33.0,0.0,51.0,30.0,0.0,34.0,13.0,0.0,55.0,38.0,0.0,59.0,44.0,0.0,45.0,19.0,0.2,50.0,30.0,0.0,41.0,20.0,0.0,34.0,17.0,0.0,41.0,16.0,0.0,49.0,27.0
75,2012-04-01,2012,2012,2012,4,4,4,0.0,46.0,19.0,0.0,62.0,42.0,0.6,59.0,31.0,1.1,34.0,22.0,0.3,42.0,25.0,0.3,47.0,27.0,0.0,41.0,28.0,0.0,47.0,29.0,0.4,48.0,33.0,0.1,48.0,33.0,0.1,48.0,34.0,0.1,42.0,17.0,0.0,55.0,36.0,0.0,64.0,41.0,0.0,68.0,46.0,0.0,70.0,48.0,0.0,65.0,49.0,0.0,57.0,45.0,0.2,60.0,31.0,0.0,38.0,27.0,0.0,40.0,23.0,0.0,49.0,32.0,0.0,53.0,24.0,0.1,56.0,35.0,,,,0.0,55.0,35.0,0.0,46.0,33.0,0.1,34.0,17.0,0.0,51.0,16.0,0.0,57.0,33.0,0.1,60.0,39.0
76,2012-05-01,2012,2012,2012,5,5,5,0.2,53.0,35.0,0.0,61.0,40.0,0.0,56.0,37.0,0.0,57.0,35.0,0.0,62.0,38.0,0.0,69.0,42.0,0.0,71.0,49.0,0.0,65.0,48.0,0.0,68.0,46.0,0.1,51.0,35.0,0.0,57.0,33.0,0.0,57.0,44.0,0.1,65.0,40.0,0.0,72.0,48.0,0.0,66.0,49.0,0.0,50.0,31.0,0.0,50.0,30.0,0.1,55.0,42.0,1.2,49.0,32.0,0.4,43.0,30.0,0.0,54.0,31.0,0.0,64.0,39.0,0.0,59.0,47.0,0.0,63.0,45.0,0.0,66.0,45.0,0.0,56.0,44.0,0.0,46.0,29.0,0.0,49.0,29.0,0.0,54.0,30.0,0.0,60.0,36.0,0.0,63.0,42.0
77,2012-06-01,2012,2012,2012,6,6,6,0.0,70.0,47.0,0.0,53.0,27.0,0.0,62.0,36.0,0.0,69.0,43.0,0.0,72.0,52.0,0.0,69.0,47.0,0.0,71.0,48.0,0.0,70.0,46.0,0.0,75.0,48.0,0.0,76.0,53.0,0.0,62.0,44.0,0.0,73.0,51.0,0.0,61.0,37.0,0.0,78.0,44.0,0.0,75.0,59.0,0.0,77.0,58.0,0.0,77.0,54.0,0.0,76.0,60.0,0.0,74.0,53.0,0.0,73.0,51.0,0.0,75.0,55.0,0.0,76.0,57.0,0.0,75.0,51.0,0.0,77.0,52.0,,,,0.0,75.0,54.0,0.0,66.0,30.0,0.0,54.0,29.0,0.0,63.0,33.0,0.0,71.0,46.0,0.0,58.0,32.0
78,2012-07-01,2012,2012,2012,7,7,7,0.0,78.0,62.0,0.0,80.0,58.0,0.1,79.0,56.0,0.0,82.0,57.0,0.1,72.0,51.0,0.3,64.0,49.0,0.0,59.0,48.0,0.0,69.0,47.0,0.0,70.0,47.0,0.0,74.0,50.0,0.0,74.0,52.0,0.0,76.0,57.0,0.0,76.0,53.0,0.0,75.0,55.0,0.0,75.0,52.0,0.1,72.0,51.0,0.0,71.0,51.0,0.0,74.0,52.0,0.0,78.0,52.0,0.1,75.0,53.0,0.0,76.0,52.0,0.0,77.0,52.0,0.0,77.0,57.0,0.0,77.0,54.0,0.0,73.0,53.0,0.0,77.0,54.0,0.5,62.0,47.0,0.0,71.0,45.0,0.2,73.0,51.0,0.0,77.0,51.0,0.0,79.0,54.0
79,2012-08-01,2012,2012,2012,8,8,8,0.0,77.0,52.0,0.1,76.0,51.0,0.1,75.0,48.0,0.0,78.0,52.0,0.0,74.0,54.0,0.0,75.0,50.0,0.0,76.0,52.0,0.0,78.0,55.0,0.0,78.0,56.0,0.1,78.0,53.0,0.0,76.0,53.0,0.0,76.0,54.0,0.0,72.0,52.0,0.0,77.0,50.0,0.1,68.0,50.0,0.0,72.0,51.0,0.0,73.0,50.0,0.0,73.0,50.0,0.0,75.0,52.0,0.0,76.0,54.0,0.0,78.0,54.0,0.0,77.0,57.0,0.0,74.0,52.0,0.1,76.0,49.0,0.1,71.0,49.0,0.0,77.0,51.0,0.0,81.0,53.0,0.1,78.0,52.0,0.0,80.0,53.0,0.0,82.0,56.0,0.0,79.0,57.0
80,2012-09-01,2012,2012,2012,9,9,9,1.4,62.0,46.0,0.1,70.0,49.0,0.0,63.0,45.0,0.1,65.0,40.0,0.0,70.0,41.0,0.0,71.0,46.0,0.0,71.0,49.0,0.0,70.0,48.0,0.0,65.0,44.0,0.0,68.0,42.0,0.0,68.0,44.0,0.0,68.0,44.0,0.0,68.0,46.0,0.0,69.0,46.0,0.0,72.0,47.0,0.2,67.0,46.0,0.2,59.0,41.0,0.5,46.0,39.0,0.0,56.0,40.0,0.1,59.0,40.0,0.1,62.0,42.0,0.0,65.0,44.0,0.0,70.0,48.0,0.0,65.0,45.0,,,,0.1,71.0,48.0,0.0,72.0,47.0,0.0,73.0,46.0,0.0,66.0,44.0,0.0,69.0,46.0,0.0,73.0,47.0
81,2012-10-01,2012,2012,2012,10,10,10,0.0,65.0,45.0,0.0,60.0,43.0,0.0,62.0,42.0,0.7,47.0,33.0,0.0,43.0,33.0,0.1,53.0,34.0,0.0,58.0,37.0,0.0,58.0,37.0,0.0,43.0,28.0,0.0,51.0,30.0,0.0,57.0,37.0,0.0,65.0,46.0,0.1,62.0,44.0,0.0,54.0,44.0,0.1,48.0,39.0,0.2,42.0,28.0,0.0,32.0,21.0,0.2,35.0,18.0,0.1,36.0,13.0,0.1,42.0,28.0,0.0,50.0,37.0,0.0,55.0,37.0,0.0,60.0,40.0,0.0,57.0,40.0,0.0,60.0,41.0,0.0,58.0,35.0,0.0,51.0,31.0,0.0,50.0,30.0,0.0,50.0,27.0,0.0,57.0,31.0,0.0,60.0,41.0
82,2012-11-01,2012,2012,2012,11,11,11,0.0,52.0,39.0,0.4,27.0,13.0,0.0,20.0,7.0,0.2,40.0,7.0,0.0,43.0,22.0,0.0,46.0,28.0,0.0,50.0,29.0,0.2,45.0,31.0,1.3,39.0,32.0,0.4,39.0,34.0,0.0,47.0,32.0,0.0,50.0,34.0,0.0,51.0,32.0,0.0,47.0,38.0,0.0,42.0,26.0,0.0,53.0,27.0,0.0,51.0,34.0,0.0,47.0,26.0,0.0,44.0,22.0,0.1,50.0,30.0,0.0,50.0,33.0,0.0,44.0,31.0,0.0,50.0,33.0,0.9,43.0,34.0,,,,0.0,52.0,35.0,0.0,53.0,34.0,0.0,55.0,36.0,0.0,58.0,39.0,0.0,53.0,40.0,1.2,42.0,21.0
83,2012-12-01,2012,2012,2012,12,12,12,0.0,42.0,32.0,0.2,26.0,8.0,0.1,35.0,22.0,0.0,35.0,27.0,0.0,34.0,26.0,0.2,38.0,26.0,0.3,26.0,19.0,0.2,26.0,18.0,0.6,32.0,23.0,0.4,23.0,9.0,0.0,20.0,0.0,1.7,46.0,27.0,0.0,39.0,1.0,0.0,43.0,28.0,0.0,42.0,29.0,0.0,39.0,25.0,0.3,30.0,5.0,0.0,27.0,6.0,1.0,20.0,14.0,0.0,22.0,6.0,0.0,26.0,6.0,0.2,32.0,9.0,0.0,37.0,20.0,0.0,27.0,8.0,0.0,19.0,-1.0,0.2,46.0,24.0,0.1,47.0,34.0,0.0,42.0,29.0,0.0,36.0,25.0,0.0,31.0,14.0,0.0,21.0,6.0
84,2013-01-01,2013,2013,2013,1,1,1,0.0,25.0,-1.0,0.2,39.0,12.0,0.0,12.0,3.0,0.0,12.0,-6.0,0.0,6.0,-11.0,0.0,7.0,-12.0,0.0,16.0,-5.0,0.0,33.0,2.0,0.0,43.0,25.0,0.0,49.0,23.0,0.0,42.0,22.0,0.0,28.0,3.0,0.0,45.0,22.0,0.0,44.0,23.0,0.0,52.0,25.0,0.0,53.0,33.0,0.2,42.0,28.0,0.3,40.0,29.0,0.1,40.0,28.0,0.6,33.0,18.0,0.1,23.0,8.0,0.3,23.0,9.0,0.0,33.0,8.0,0.4,28.0,15.0,0.0,34.0,21.0,0.0,36.0,15.0,0.0,39.0,14.0,0.0,35.0,22.0,0.0,43.0,20.0,0.0,38.0,19.0,0.0,46.0,21.0
85,2013-02-01,2013,2013,2013,2,2,2,0.0,36.0,18.0,0.0,28.0,6.0,0.0,29.0,2.0,0.1,27.0,2.0,0.0,31.0,11.0,0.0,35.0,14.0,0.0,37.0,13.0,0.2,44.0,18.0,0.0,39.0,10.0,0.0,33.0,7.0,0.0,41.0,21.0,0.0,42.0,16.0,0.0,36.0,17.0,0.0,27.0,9.0,0.1,27.0,9.0,0.3,25.0,12.0,0.0,28.0,6.0,0.0,33.0,5.0,0.0,27.0,4.0,0.0,30.0,3.0,0.2,33.0,11.0,,,,0.0,45.0,22.0,,,,,,,0.0,38.0,20.0,0.0,52.0,25.0,0.0,43.0,16.0,0.0,42.0,15.0,0.2,32.0,19.0,0.1,26.0,9.0
86,2013-03-01,2013,2013,2013,3,3,3,0.0,44.0,23.0,0.0,44.0,20.0,0.0,41.0,26.0,0.0,46.0,30.0,0.0,52.0,30.0,0.0,58.0,37.0,0.0,57.0,41.0,0.0,47.0,34.0,0.0,39.0,23.0,0.0,37.0,22.0,0.0,43.0,22.0,0.0,53.0,24.0,0.2,40.0,29.0,0.0,38.0,16.0,0.1,27.0,10.0,0.0,27.0,7.0,0.0,30.0,9.0,0.2,38.0,11.0,0.0,47.0,27.0,0.0,54.0,28.0,0.0,54.0,35.0,0.0,52.0,34.0,0.2,40.0,30.0,0.0,53.0,35.0,0.0,55.0,31.0,0.0,31.0,12.0,0.0,49.0,12.0,0.0,44.0,28.0,0.0,45.0,27.0,0.1,38.0,28.0,0.0,42.0,21.0
87,2013-04-01,2013,2013,2013,4,4,4,0.3,46.0,32.0,0.2,43.0,15.0,0.1,45.0,29.0,0.0,46.0,29.0,0.0,44.0,26.0,0.1,36.0,21.0,0.4,38.0,23.0,0.3,32.0,15.0,0.0,35.0,13.0,0.0,38.0,14.0,0.2,41.0,22.0,0.2,49.0,31.0,0.1,42.0,30.0,0.0,49.0,31.0,0.0,43.0,22.0,0.0,39.0,17.0,0.0,47.0,25.0,0.0,51.0,30.0,0.0,53.0,34.0,0.0,56.0,37.0,0.0,60.0,43.0,0.0,58.0,41.0,0.0,53.0,33.0,0.0,48.0,27.0,,,,0.0,56.0,35.0,0.1,47.0,33.0,0.2,48.0,33.0,0.0,46.0,32.0,0.5,45.0,18.0,0.0,31.0,13.0
88,2013-05-01,2013,2013,2013,5,5,5,0.0,37.0,22.0,0.0,62.0,41.0,0.0,63.0,43.0,0.0,67.0,45.0,0.0,71.0,49.0,0.0,69.0,52.0,0.0,68.0,48.0,0.0,64.0,44.0,0.4,53.0,38.0,0.1,48.0,35.0,0.1,51.0,33.0,0.0,48.0,26.0,0.0,49.0,34.0,0.0,58.0,36.0,0.0,65.0,43.0,0.0,59.0,34.0,0.0,59.0,34.0,0.0,64.0,46.0,0.0,64.0,47.0,0.0,59.0,42.0,0.5,53.0,34.0,0.0,49.0,35.0,0.0,56.0,32.0,0.0,51.0,36.0,0.0,54.0,37.0,0.0,56.0,35.0,0.0,59.0,36.0,0.0,56.0,36.0,0.3,51.0,33.0,0.1,51.0,34.0,0.0,57.0,35.0
89,2013-06-01,2013,2013,2013,6,6,6,0.0,62.0,37.0,0.0,76.0,56.0,0.0,69.0,52.0,0.0,70.0,49.0,0.0,71.0,42.0,0.0,63.0,40.0,0.0,68.0,43.0,0.0,72.0,48.0,0.0,73.0,47.0,0.0,72.0,49.0,0.0,64.0,37.0,0.0,71.0,45.0,0.0,62.0,34.0,0.0,64.0,41.0,0.0,62.0,42.0,0.0,69.0,41.0,0.2,67.0,44.0,0.0,68.0,44.0,0.0,75.0,54.0,0.0,83.0,55.0,0.0,83.0,59.0,0.0,83.0,58.0,0.0,63.0,44.0,0.0,80.0,57.0,,,,0.0,64.0,43.0,0.0,65.0,42.0,0.0,68.0,45.0,0.0,70.0,50.0,0.0,70.0,49.0,0.0,77.0,56.0
90,2013-07-01,2013,2013,2013,7,7,7,0.0,81.0,56.0,0.0,80.0,54.0,0.1,77.0,50.0,0.2,66.0,49.0,0.0,72.0,52.0,0.0,76.0,50.0,0.0,80.0,55.0,0.1,76.0,54.0,0.1,76.0,53.0,0.0,78.0,55.0,0.0,79.0,56.0,0.0,81.0,57.0,0.0,81.0,55.0,0.0,80.0,55.0,0.0,80.0,56.0,0.0,80.0,54.0,0.0,72.0,54.0,0.0,77.0,53.0,0.0,80.0,53.0,0.1,67.0,49.0,0.0,69.0,47.0,0.0,69.0,48.0,0.0,80.0,58.0,0.0,73.0,48.0,0.0,77.0,56.0,0.0,75.0,51.0,0.6,74.0,49.0,0.3,72.0,49.0,0.8,74.0,48.0,0.0,74.0,51.0,0.0,78.0,56.0
91,2013-08-01,2013,2013,2013,8,8,8,0.0,74.0,54.0,0.0,74.0,47.0,0.0,73.0,48.0,0.0,71.0,50.0,0.0,75.0,47.0,0.0,78.0,50.0,0.0,79.0,53.0,0.0,81.0,53.0,0.1,81.0,50.0,0.0,78.0,50.0,0.0,80.0,54.0,0.0,74.0,50.0,0.0,77.0,53.0,0.0,75.0,51.0,0.2,72.0,50.0,0.4,60.0,46.0,0.1,69.0,45.0,0.0,67.0,45.0,0.0,59.0,49.0,0.7,64.0,49.0,0.0,73.0,48.0,0.0,76.0,53.0,0.0,76.0,56.0,0.0,77.0,55.0,0.0,77.0,55.0,0.0,76.0,53.0,0.0,76.0,54.0,0.0,78.0,53.0,0.1,76.0,52.0,0.0,73.0,48.0,0.0,74.0,48.0
92,2013-09-01,2013,2013,2013,9,9,9,0.1,70.0,54.0,0.0,60.0,48.0,0.4,64.0,48.0,0.7,60.0,44.0,0.1,57.0,45.0,0.0,56.0,44.0,0.0,62.0,44.0,0.0,69.0,45.0,0.2,65.0,51.0,0.0,57.0,36.0,0.0,57.0,35.0,0.3,69.0,52.0,0.0,66.0,37.0,0.0,65.0,50.0,0.1,57.0,42.0,0.0,53.0,37.0,0.0,63.0,38.0,0.4,52.0,30.0,0.4,42.0,29.0,0.1,40.0,27.0,0.0,50.0,26.0,0.1,58.0,38.0,0.0,73.0,51.0,0.0,62.0,44.0,,,,0.0,75.0,52.0,0.0,75.0,51.0,0.0,74.0,54.0,0.6,74.0,47.0,0.2,57.0,46.0,0.0,67.0,46.0
93,2013-10-01,2013,2013,2013,10,10,10,0.0,62.0,40.0,0.2,39.0,32.0,0.0,43.0,29.0,0.1,51.0,29.0,0.5,44.0,32.0,0.0,43.0,27.0,0.1,37.0,25.0,0.0,41.0,21.0,0.0,44.0,28.0,0.0,43.0,28.0,0.0,50.0,28.0,0.1,58.0,40.0,0.0,50.0,34.0,0.0,51.0,33.0,0.0,55.0,35.0,0.0,59.0,40.0,0.0,59.0,39.0,0.0,57.0,40.0,0.0,57.0,37.0,0.0,53.0,38.0,0.9,48.0,29.0,0.2,39.0,25.0,0.1,46.0,26.0,0.0,35.0,24.0,0.2,39.0,27.0,0.2,39.0,22.0,0.0,43.0,22.0,0.0,60.0,33.0,0.0,63.0,41.0,0.0,55.0,38.0,0.0,54.0,37.0
94,2013-11-01,2013,2013,2013,11,11,11,0.0,44.0,31.0,0.0,51.0,35.0,0.0,57.0,37.0,0.0,57.0,39.0,0.0,53.0,31.0,0.0,44.0,27.0,0.1,38.0,18.0,0.4,30.0,18.0,0.0,40.0,25.0,0.1,51.0,29.0,0.0,42.0,32.0,0.0,54.0,30.0,0.5,42.0,30.0,0.0,31.0,16.0,0.0,35.0,15.0,0.0,37.0,23.0,0.0,41.0,21.0,0.0,43.0,19.0,0.0,48.0,30.0,0.0,50.0,32.0,0.0,49.0,31.0,0.0,45.0,27.0,0.1,42.0,16.0,0.0,45.0,25.0,,,,0.0,28.0,17.0,0.0,29.0,16.0,0.2,37.0,19.0,0.0,50.0,28.0,0.0,48.0,37.0,0.0,51.0,34.0
95,2013-12-01,2013,2013,2013,12,12,12,0.0,40.0,27.0,0.0,31.0,1.0,0.0,35.0,10.0,0.0,47.0,20.0,0.0,32.0,17.0,0.0,23.0,11.0,0.0,43.0,17.0,0.0,44.0,28.0,0.2,51.0,27.0,0.3,49.0,32.0,1.0,36.0,21.0,0.1,41.0,32.0,0.0,26.0,9.0,0.0,26.0,11.0,0.4,27.0,12.0,0.0,32.0,23.0,0.0,33.0,13.0,0.0,37.0,12.0,0.0,42.0,24.0,0.0,48.0,26.0,0.0,42.0,17.0,0.0,33.0,10.0,0.8,35.0,9.0,0.0,36.0,17.0,0.0,42.0,28.0,0.0,23.0,-9.0,0.0,15.0,-11.0,0.0,14.0,-10.0,0.5,17.0,8.0,0.0,10.0,-3.0,0.0,10.0,-9.0
96,2014-01-01,2014,2014,2014,1,1,1,0.0,37.0,20.0,0.2,32.0,20.0,0.0,43.0,26.0,0.0,31.0,18.0,0.0,34.0,22.0,0.0,38.0,20.0,0.0,41.0,19.0,0.0,47.0,21.0,0.0,42.0,22.0,0.0,46.0,23.0,0.0,48.0,27.0,0.0,44.0,20.0,0.0,45.0,27.0,0.0,48.0,25.0,0.0,42.0,21.0,0.0,35.0,15.0,0.0,45.0,18.0,0.0,45.0,25.0,0.0,41.0,21.0,0.0,36.0,18.0,0.1,37.0,13.0,1.0,38.0,25.0,0.0,46.0,27.0,0.2,28.0,18.0,0.0,28.0,9.0,0.0,31.0,11.0,0.0,22.0,4.0,0.0,32.0,7.0,0.1,40.0,26.0,0.1,30.0,21.0,0.3,30.0,18.0
97,2014-02-01,2014,2014,2014,2,2,2,0.0,25.0,7.0,0.0,39.0,17.0,0.1,35.0,17.0,0.4,38.0,22.0,0.2,42.0,32.0,0.1,46.0,30.0,0.0,49.0,42.0,0.0,45.0,21.0,0.0,45.0,21.0,0.0,44.0,27.0,0.0,38.0,14.0,0.0,30.0,5.0,0.0,27.0,13.0,0.0,37.0,19.0,0.0,35.0,26.0,0.0,43.0,28.0,0.0,47.0,30.0,0.0,48.0,31.0,0.0,49.0,31.0,1.0,39.0,28.0,0.5,42.0,26.0,,,,0.0,30.0,8.0,,,,,,,0.0,24.0,5.0,0.1,25.0,2.0,0.2,31.0,18.0,0.9,28.0,23.0,1.2,35.0,27.0,0.3,37.0,25.0
98,2014-03-01,2014,2014,2014,3,3,3,1.8,35.0,28.0,0.0,49.0,24.0,0.0,36.0,19.0,0.0,44.0,19.0,0.0,46.0,24.0,0.2,45.0,24.0,0.0,41.0,26.0,0.0,49.0,25.0,0.0,45.0,18.0,0.0,29.0,13.0,0.2,42.0,11.0,0.2,42.0,24.0,0.0,48.0,28.0,0.0,45.0,27.0,0.0,42.0,23.0,0.0,45.0,22.0,0.0,45.0,29.0,0.1,55.0,30.0,0.2,44.0,27.0,0.4,37.0,25.0,0.0,42.0,26.0,0.0,46.0,35.0,0.0,45.0,30.0,0.2,42.0,23.0,0.4,38.0,17.0,0.0,39.0,26.0,0.1,47.0,23.0,0.3,47.0,29.0,0.0,45.0,24.0,0.0,45.0,22.0,0.1,54.0,29.0
99,2014-04-01,2014,2014,2014,4,4,4,0.4,34.0,20.0,0.0,56.0,40.0,0.0,59.0,38.0,0.1,55.0,32.0,0.0,40.0,23.0,0.0,42.0,18.0,0.0,52.0,29.0,0.0,46.0,29.0,0.0,56.0,29.0,0.0,55.0,40.0,0.0,57.0,39.0,0.1,37.0,17.0,0.0,58.0,39.0,0.1,60.0,35.0,0.0,53.0,29.0,0.0,39.0,26.0,0.0,51.0,26.0,0.3,53.0,35.0,0.4,42.0,28.0,0.1,39.0,26.0,0.1,34.0,23.0,0.0,40.0,22.0,0.0,41.0,15.0,0.0,48.0,26.0,,,,0.1,47.0,21.0,0.0,43.0,27.0,0.1,40.0,27.0,0.0,50.0,30.0,0.0,56.0,32.0,0.0,59.0,40.0
100,2014-05-01,2014,2014,2014,5,5,5,0.1,53.0,32.0,0.2,43.0,29.0,0.0,37.0,27.0,0.0,42.0,24.0,0.0,47.0,25.0,0.0,54.0,31.0,0.0,62.0,39.0,0.0,64.0,45.0,0.0,65.0,47.0,0.0,63.0,44.0,0.0,57.0,39.0,0.0,60.0,38.0,0.0,62.0,38.0,0.0,60.0,39.0,0.0,64.0,42.0,0.1,57.0,42.0,0.1,55.0,41.0,0.0,63.0,42.0,0.0,68.0,44.0,0.0,72.0,51.0,0.0,72.0,55.0,0.0,66.0,49.0,0.0,65.0,44.0,0.0,69.0,47.0,0.0,67.0,47.0,0.0,64.0,51.0,0.0,58.0,43.0,0.1,51.0,30.0,0.3,42.0,30.0,0.2,44.0,30.0,0.1,46.0,33.0
101,2014-06-01,2014,2014,2014,6,6,6,0.0,62.0,44.0,0.0,72.0,51.0,0.0,67.0,47.0,0.0,71.0,45.0,0.0,67.0,45.0,0.0,54.0,36.0,0.0,61.0,37.0,0.0,54.0,41.0,0.3,48.0,29.0,0.2,50.0,28.0,0.0,62.0,36.0,0.0,71.0,44.0,0.0,72.0,44.0,0.0,69.0,50.0,0.0,71.0,49.0,0.0,72.0,48.0,0.0,76.0,50.0,0.0,75.0,49.0,0.0,68.0,44.0,0.0,59.0,42.0,0.0,66.0,43.0,0.0,72.0,49.0,0.0,67.0,49.0,0.0,68.0,47.0,,,,0.0,68.0,46.0,0.0,67.0,45.0,0.0,69.0,45.0,0.0,69.0,47.0,0.0,61.0,41.0,0.0,67.0,38.0
102,2014-07-01,2014,2014,2014,7,7,7,0.0,73.0,45.0,0.1,76.0,52.0,0.1,68.0,51.0,0.0,76.0,51.0,0.0,79.0,55.0,0.0,82.0,57.0,0.0,79.0,54.0,0.0,73.0,51.0,0.0,75.0,49.0,0.0,76.0,55.0,0.0,78.0,54.0,0.0,79.0,50.0,0.0,76.0,53.0,0.0,75.0,58.0,0.0,81.0,52.0,0.0,82.0,59.0,0.0,80.0,57.0,0.0,79.0,57.0,0.0,79.0,55.0,0.0,82.0,56.0,0.0,75.0,53.0,0.1,61.0,52.0,0.0,76.0,56.0,0.0,61.0,49.0,0.0,70.0,48.0,0.0,78.0,53.0,0.0,79.0,54.0,0.0,80.0,55.0,0.0,80.0,57.0,0.0,80.0,56.0,0.0,77.0,57.0
103,2014-08-01,2014,2014,2014,8,8,8,0.1,73.0,49.0,0.0,74.0,50.0,0.0,76.0,51.0,0.1,72.0,50.0,0.0,63.0,49.0,0.2,71.0,49.0,0.0,73.0,52.0,0.0,75.0,50.0,0.0,77.0,51.0,0.0,77.0,55.0,0.2,62.0,47.0,0.0,74.0,53.0,1.4,65.0,45.0,0.1,65.0,45.0,0.4,67.0,44.0,0.9,55.0,37.0,0.6,62.0,39.0,0.1,64.0,42.0,0.0,63.0,46.0,0.1,58.0,43.0,0.0,64.0,43.0,0.0,71.0,45.0,0.0,74.0,50.0,0.0,65.0,50.0,0.0,60.0,44.0,0.5,70.0,49.0,0.4,67.0,47.0,0.2,70.0,47.0,0.0,68.0,44.0,0.0,69.0,46.0,0.0,68.0,48.0
104,2014-09-01,2014,2014,2014,9,9,9,0.0,63.0,43.0,0.0,60.0,40.0,0.0,61.0,38.0,0.1,60.0,34.0,0.0,69.0,42.0,0.0,70.0,50.0,0.0,73.0,50.0,0.0,74.0,50.0,0.0,75.0,51.0,0.0,72.0,51.0,0.0,69.0,47.0,0.1,72.0,45.0,0.0,71.0,49.0,1.0,57.0,45.0,0.0,62.0,44.0,0.0,66.0,46.0,0.0,71.0,46.0,0.0,71.0,49.0,0.2,68.0,49.0,1.7,55.0,39.0,0.4,55.0,37.0,0.0,49.0,34.0,0.0,72.0,53.0,0.2,50.0,35.0,,,,0.0,66.0,45.0,0.0,66.0,44.0,0.1,70.0,45.0,0.0,71.0,49.0,0.8,68.0,45.0,0.7,50.0,39.0
105,2014-10-01,2014,2014,2014,10,10,10,0.0,44.0,29.0,0.0,62.0,40.0,0.1,56.0,38.0,0.1,47.0,30.0,0.0,49.0,28.0,0.1,64.0,36.0,0.0,60.0,43.0,0.0,56.0,37.0,0.0,62.0,39.0,0.0,59.0,41.0,0.0,62.0,41.0,0.1,49.0,28.0,0.0,63.0,42.0,0.0,52.0,33.0,0.1,49.0,32.0,0.0,61.0,39.0,0.0,61.0,44.0,0.0,63.0,48.0,0.0,50.0,31.0,0.0,39.0,26.0,0.0,48.0,26.0,0.0,53.0,35.0,0.0,56.0,34.0,0.0,60.0,38.0,0.1,59.0,39.0,0.0,58.0,35.0,0.0,60.0,38.0,0.0,61.0,40.0,0.0,63.0,42.0,0.0,62.0,43.0,0.0,62.0,42.0
106,2014-11-01,2014,2014,2014,11,11,11,0.4,55.0,31.0,0.0,48.0,22.0,0.0,35.0,18.0,0.0,19.0,10.0,0.0,32.0,11.0,0.4,41.0,28.0,0.1,34.0,4.0,0.0,22.0,-1.0,0.0,30.0,8.0,0.1,36.0,13.0,0.1,42.0,26.0,0.5,34.0,26.0,0.0,41.0,27.0,0.0,47.0,27.0,0.7,38.0,24.0,0.2,27.0,19.0,0.3,29.0,16.0,0.2,37.0,17.0,0.0,44.0,32.0,0.0,51.0,33.0,0.0,54.0,41.0,0.0,42.0,36.0,0.0,40.0,20.0,0.0,41.0,32.0,,,,0.0,43.0,19.0,0.0,48.0,28.0,0.0,58.0,36.0,0.0,52.0,34.0,0.0,53.0,33.0,0.0,53.0,35.0
107,2014-12-01,2014,2014,2014,12,12,12,0.0,42.0,27.0,0.4,50.0,33.0,0.0,46.0,32.0,0.0,45.0,31.0,0.1,33.0,22.0,0.0,33.0,13.0,0.1,33.0,11.0,0.0,37.0,24.0,0.0,36.0,22.0,0.0,31.0,18.0,0.1,38.0,18.0,0.0,,,0.2,31.0,26.0,1.7,36.0,28.0,0.6,33.0,18.0,0.2,30.0,12.0,0.3,38.0,12.0,0.4,27.0,11.0,0.0,22.0,5.0,0.0,22.0,1.0,0.1,22.0,11.0,0.3,19.0,2.0,0.0,,,0.0,8.0,-11.0,0.0,30.0,-13.0,0.0,,,0.0,,,0.0,,,0.0,,,0.0,,,0.0,,
108,2015-01-01,2015,2015,2015,1,1,1,0.1,21.0,4.0,0.1,43.0,30.0,0.0,36.0,29.0,1.3,33.0,25.0,0.2,34.0,21.0,0.0,31.0,14.0,0.0,51.0,18.0,0.0,43.0,26.0,0.0,41.0,19.0,0.0,45.0,29.0,0.0,42.0,28.0,0.1,36.0,14.0,0.0,35.0,17.0,0.0,27.0,10.0,0.0,36.0,10.0,0.0,41.0,17.0,0.0,39.0,16.0,0.1,48.0,24.0,0.0,57.0,32.0,0.0,44.0,32.0,0.0,42.0,29.0,0.1,40.0,27.0,0.0,27.0,15.0,0.2,35.0,29.0,0.0,40.0,20.0,0.0,38.0,16.0,0.1,39.0,29.0,0.0,49.0,30.0,0.0,58.0,35.0,0.0,51.0,31.0,0.0,48.0,30.0
109,2015-02-01,2015,2015,2015,2,2,2,0.1,42.0,18.0,0.0,42.0,25.0,0.0,46.0,22.0,0.0,49.0,30.0,0.0,56.0,31.0,0.0,57.0,38.0,0.0,46.0,29.0,0.0,36.0,19.0,0.0,36.0,15.0,0.1,45.0,23.0,0.0,48.0,31.0,0.1,43.0,28.0,0.0,41.0,24.0,0.0,36.0,19.0,0.0,26.0,8.0,0.0,29.0,3.0,0.0,41.0,14.0,0.0,40.0,22.0,0.0,33.0,16.0,0.0,34.0,13.0,0.3,28.0,16.0,,,,0.0,46.0,35.0,,,,,,,0.0,46.0,32.0,0.0,56.0,33.0,0.0,53.0,43.0,0.0,50.0,36.0,0.0,51.0,33.0,0.0,44.0,32.0
110,2015-03-01,2015,2015,2015,3,3,3,0.2,37.0,18.0,0.1,54.0,28.0,0.0,51.0,34.0,0.0,50.0,33.0,0.0,55.0,31.0,0.0,54.0,33.0,0.0,60.0,39.0,0.0,59.0,42.0,0.0,59.0,40.0,0.0,53.0,31.0,0.0,51.0,29.0,0.7,34.0,23.0,0.0,57.0,31.0,0.0,58.0,36.0,0.1,55.0,34.0,0.2,43.0,29.0,0.0,43.0,24.0,0.0,41.0,21.0,0.0,48.0,27.0,0.0,58.0,34.0,0.0,59.0,39.0,0.0,54.0,33.0,0.5,33.0,10.0,0.0,60.0,36.0,0.0,60.0,42.0,0.0,29.0,8.0,0.1,38.0,11.0,0.0,45.0,20.0,0.0,52.0,30.0,0.0,47.0,29.0,0.0,52.0,27.0
111,2015-04-01,2015,2015,2015,4,4,4,0.0,42.0,26.0,0.0,51.0,30.0,0.0,54.0,36.0,0.0,45.0,31.0,0.0,56.0,32.0,0.1,55.0,19.0,0.1,28.0,17.0,0.1,44.0,17.0,0.0,49.0,29.0,0.0,52.0,33.0,0.0,53.0,35.0,0.0,36.0,20.0,0.0,54.0,35.0,0.0,58.0,35.0,0.0,58.0,38.0,0.0,55.0,37.0,0.8,49.0,31.0,0.5,45.0,29.0,0.0,42.0,29.0,0.0,49.0,31.0,0.0,57.0,35.0,0.0,62.0,41.0,0.0,41.0,18.0,0.0,61.0,43.0,,,,0.1,50.0,27.0,0.0,54.0,38.0,0.0,44.0,30.0,0.0,46.0,28.0,0.4,37.0,27.0,0.0,49.0,22.0
112,2015-05-01,2015,2015,2015,5,5,5,0.1,62.0,40.0,0.0,44.0,31.0,0.1,55.0,30.0,0.0,58.0,44.0,0.0,57.0,43.0,0.3,53.0,33.0,0.2,44.0,31.0,0.8,40.0,30.0,0.0,50.0,37.0,0.3,54.0,37.0,0.2,50.0,35.0,0.0,62.0,46.0,0.0,53.0,35.0,0.3,53.0,35.0,0.0,46.0,36.0,0.1,50.0,33.0,0.1,53.0,32.0,0.1,54.0,37.0,0.4,50.0,38.0,0.0,56.0,37.0,0.1,55.0,36.0,0.0,62.0,37.0,0.0,62.0,44.0,0.0,68.0,43.0,0.0,73.0,50.0,0.2,58.0,38.0,0.3,52.0,39.0,0.5,54.0,35.0,0.0,55.0,35.0,0.2,52.0,34.0,0.5,38.0,30.0
113,2015-06-01,2015,2015,2015,6,6,6,0.0,72.0,52.0,0.3,65.0,46.0,0.2,62.0,45.0,0.0,69.0,45.0,0.0,70.0,47.0,0.0,73.0,48.0,0.1,72.0,48.0,0.0,74.0,52.0,0.0,76.0,50.0,0.0,77.0,51.0,0.0,77.0,55.0,0.0,66.0,47.0,0.0,75.0,53.0,0.0,78.0,56.0,0.0,76.0,49.0,0.0,77.0,54.0,0.0,78.0,56.0,0.0,78.0,55.0,0.0,79.0,53.0,0.0,83.0,57.0,0.0,83.0,58.0,0.0,83.0,58.0,0.0,67.0,45.0,0.0,83.0,59.0,,,,0.0,69.0,40.0,0.0,58.0,43.0,0.0,62.0,40.0,0.0,63.0,39.0,0.0,69.0,44.0,0.0,70.0,46.0
114,2015-07-01,2015,2015,2015,7,7,7,0.0,79.0,56.0,0.1,63.0,44.0,0.0,67.0,46.0,0.0,70.0,51.0,0.0,73.0,49.0,0.0,74.0,49.0,0.0,72.0,48.0,0.0,74.0,48.0,0.0,73.0,52.0,0.0,69.0,47.0,0.0,69.0,47.0,0.0,77.0,57.0,0.0,63.0,45.0,0.0,68.0,45.0,0.1,69.0,46.0,0.0,71.0,48.0,0.0,71.0,50.0,0.0,73.0,49.0,0.0,77.0,51.0,0.0,68.0,45.0,0.0,65.0,40.0,0.0,72.0,42.0,0.0,80.0,56.0,0.0,76.0,46.0,0.0,78.0,50.0,0.0,80.0,57.0,0.1,71.0,53.0,0.0,70.0,49.0,0.2,66.0,47.0,0.6,65.0,44.0,0.0,67.0,42.0
115,2015-08-01,2015,2015,2015,8,8,8,0.0,77.0,51.0,0.0,75.0,49.0,0.0,75.0,52.0,0.0,75.0,51.0,0.0,78.0,50.0,0.0,78.0,55.0,0.0,77.0,56.0,0.0,74.0,55.0,0.0,74.0,51.0,0.0,67.0,47.0,0.0,69.0,43.0,0.1,77.0,51.0,0.0,73.0,48.0,0.0,75.0,52.0,0.0,71.0,52.0,0.0,77.0,49.0,0.0,79.0,54.0,0.0,82.0,54.0,0.4,63.0,49.0,0.0,71.0,47.0,0.0,75.0,49.0,0.0,76.0,51.0,0.6,59.0,45.0,0.0,70.0,53.0,0.0,72.0,50.0,0.0,73.0,45.0,0.0,71.0,50.0,0.1,72.0,46.0,0.5,65.0,45.0,0.0,63.0,43.0,0.0,70.0,43.0
116,2015-09-01,2015,2015,2015,9,9,9,0.0,74.0,51.0,0.0,73.0,51.0,0.0,76.0,49.0,0.0,76.0,51.0,0.0,74.0,51.0,0.5,63.0,47.0,1.5,54.0,42.0,0.9,51.0,36.0,0.7,54.0,36.0,0.0,55.0,35.0,0.1,60.0,35.0,0.0,71.0,51.0,0.0,66.0,40.0,0.0,72.0,46.0,0.1,75.0,49.0,0.0,72.0,49.0,0.0,75.0,51.0,0.0,75.0,51.0,0.0,73.0,53.0,0.0,71.0,52.0,0.0,71.0,52.0,0.0,71.0,50.0,0.0,68.0,51.0,0.0,69.0,53.0,,,,0.0,69.0,50.0,0.0,63.0,40.0,0.0,63.0,36.0,0.0,66.0,45.0,0.0,68.0,43.0,0.0,71.0,44.0
117,2015-10-01,2015,2015,2015,10,10,10,0.0,70.0,53.0,0.0,67.0,45.0,0.0,63.0,45.0,0.0,64.0,42.0,0.0,67.0,47.0,0.0,67.0,48.0,0.0,68.0,49.0,0.0,66.0,46.0,0.3,59.0,44.0,0.4,58.0,40.0,0.2,51.0,36.0,0.6,56.0,38.0,0.1,51.0,34.0,0.0,49.0,35.0,0.0,53.0,36.0,0.0,51.0,33.0,0.0,54.0,33.0,0.0,52.0,39.0,0.0,52.0,36.0,0.0,45.0,30.0,0.0,52.0,29.0,0.0,40.0,31.0,0.5,52.0,38.0,0.1,43.0,28.0,0.0,48.0,35.0,0.0,58.0,39.0,0.0,56.0,42.0,0.0,56.0,42.0,0.1,60.0,40.0,0.0,61.0,45.0,0.0,65.0,42.0
118,2015-11-01,2015,2015,2015,11,11,11,0.0,55.0,38.0,0.4,30.0,21.0,0.1,30.0,16.0,0.1,37.0,16.0,0.1,47.0,22.0,0.0,53.0,30.0,0.5,46.0,26.0,0.3,36.0,20.0,0.1,31.0,15.0,0.0,35.0,24.0,0.0,42.0,26.0,0.0,54.0,36.0,0.1,39.0,17.0,0.0,44.0,13.0,0.0,49.0,24.0,0.2,53.0,31.0,0.0,42.0,28.0,0.1,42.0,19.0,0.0,20.0,8.0,0.1,20.0,2.0,0.2,26.0,6.0,0.0,25.0,6.0,0.1,47.0,28.0,0.0,23.0,6.0,,,,0.1,32.0,23.0,0.0,29.0,21.0,0.0,30.0,19.0,0.1,46.0,18.0,0.0,46.0,27.0,0.0,42.0,27.0
119,2015-12-01,2015,2015,2015,12,12,12,0.1,32.0,7.0,0.1,45.0,24.0,0.0,37.0,19.0,0.0,34.0,14.0,0.5,39.0,14.0,0.4,26.0,11.0,0.0,20.0,9.0,0.4,22.0,8.0,0.0,24.0,7.0,0.0,42.0,21.0,0.1,42.0,32.0,0.1,40.0,15.0,0.4,33.0,24.0,1.0,30.0,21.0,1.1,29.0,21.0,0.2,24.0,13.0,0.7,27.0,8.0,0.0,24.0,2.0,0.0,22.0,-1.0,0.1,38.0,-1.0,0.0,26.0,10.0,0.0,17.0,4.0,0.1,48.0,25.0,0.0,23.0,2.0,0.0,19.0,0.0,0.0,43.0,22.0,0.0,38.0,21.0,0.0,46.0,25.0,0.0,49.0,31.0,0.0,46.0,32.0,0.1,51.0,33.0
120,2016-01-01,2016,2016,2016,1,1,1,0.0,27.0,4.0,0.0,30.0,6.0,0.0,26.0,3.0,0.0,35.0,12.0,0.1,44.0,23.0,0.0,31.0,15.0,0.4,30.0,19.0,0.3,30.0,15.0,0.0,36.0,25.0,0.4,35.0,19.0,0.5,35.0,14.0,0.2,34.0,10.0,0.0,30.0,12.0,0.1,36.0,11.0,0.1,49.0,28.0,0.4,43.0,26.0,0.2,34.0,20.0,0.0,34.0,10.0,0.0,32.0,8.0,0.1,43.0,14.0,0.1,46.0,26.0,0.5,43.0,27.0,0.0,40.0,25.0,1.0,37.0,16.0,0.6,25.0,8.0,0.1,38.0,25.0,0.3,37.0,25.0,0.4,33.0,24.0,0.5,34.0,22.0,0.0,30.0,16.0,0.0,36.0,8.0
121,2016-02-01,2016,2016,2016,2,2,2,0.0,23.0,10.0,0.0,50.0,31.0,0.0,55.0,30.0,0.0,56.0,35.0,0.0,47.0,31.0,0.3,35.0,28.0,0.0,40.0,31.0,0.0,48.0,29.0,0.2,55.0,33.0,0.7,39.0,25.0,0.0,45.0,23.0,0.0,20.0,3.0,0.0,40.0,26.0,0.0,47.0,23.0,0.0,36.0,17.0,0.0,34.0,14.0,0.0,43.0,18.0,0.0,49.0,23.0,0.1,51.0,28.0,0.0,52.0,32.0,0.0,47.0,25.0,0.0,43.0,31.0,0.0,25.0,4.0,,,,,,,0.1,29.0,6.0,0.0,30.0,13.0,0.0,42.0,14.0,0.0,42.0,21.0,0.0,45.0,22.0,0.0,55.0,29.0
122,2016-03-01,2016,2016,2016,3,3,3,0.1,47.0,29.0,0.1,58.0,28.0,0.0,54.0,37.0,0.0,50.0,34.0,0.1,47.0,31.0,0.7,40.0,21.0,0.0,30.0,20.0,0.0,40.0,22.0,0.0,41.0,25.0,0.0,39.0,20.0,0.0,49.0,24.0,0.0,44.0,32.0,0.1,55.0,30.0,0.0,49.0,42.0,0.3,42.0,22.0,0.1,42.0,21.0,0.1,42.0,26.0,0.0,35.0,22.0,0.0,41.0,18.0,0.0,49.0,22.0,0.7,39.0,29.0,0.2,40.0,23.0,0.0,56.0,32.0,0.0,37.0,21.0,0.1,42.0,25.0,0.0,54.0,37.0,0.0,53.0,36.0,1.0,42.0,26.0,0.0,39.0,20.0,0.0,44.0,19.0,0.1,40.0,26.0
123,2016-04-01,2016,2016,2016,4,4,4,0.0,49.0,24.0,0.0,52.0,35.0,0.0,55.0,33.0,0.1,58.0,36.0,0.2,53.0,38.0,0.8,43.0,24.0,0.0,45.0,21.0,0.1,45.0,26.0,0.0,45.0,27.0,0.0,47.0,27.0,0.0,50.0,31.0,0.0,50.0,28.0,0.0,58.0,37.0,0.0,65.0,39.0,0.1,61.0,45.0,0.6,50.0,31.0,0.2,47.0,32.0,0.3,44.0,31.0,0.3,42.0,31.0,0.4,46.0,31.0,0.4,40.0,30.0,0.0,46.0,28.0,0.1,55.0,35.0,0.0,46.0,28.0,,,,0.0,58.0,37.0,0.0,45.0,28.0,0.0,51.0,27.0,0.0,62.0,35.0,0.0,60.0,41.0,0.0,51.0,37.0
124,2016-05-01,2016,2016,2016,5,5,5,0.0,49.0,29.0,0.0,43.0,30.0,0.0,47.0,28.0,0.0,60.0,32.0,0.0,66.0,43.0,0.1,68.0,51.0,0.3,54.0,38.0,0.2,47.0,35.0,0.0,54.0,35.0,0.0,58.0,37.0,0.4,60.0,40.0,0.1,54.0,31.0,0.0,56.0,40.0,0.3,50.0,33.0,0.0,45.0,32.0,0.0,53.0,34.0,0.1,54.0,34.0,0.0,52.0,35.0,0.1,53.0,35.0,0.0,55.0,35.0,0.0,57.0,36.0,0.1,63.0,41.0,0.0,60.0,35.0,0.0,61.0,39.0,0.0,62.0,41.0,0.0,62.0,41.0,0.0,64.0,47.0,0.0,56.0,34.0,0.0,46.0,34.0,0.5,42.0,34.0,0.1,51.0,33.0
125,2016-06-01,2016,2016,2016,6,6,6,0.0,66.0,41.0,0.0,74.0,53.0,0.7,60.0,43.0,0.3,65.0,43.0,0.1,60.0,41.0,0.0,66.0,42.0,0.0,70.0,52.0,0.0,66.0,50.0,0.0,70.0,51.0,0.0,74.0,58.0,0.0,74.0,54.0,0.0,70.0,47.0,0.0,81.0,54.0,0.0,78.0,58.0,0.0,78.0,55.0,0.0,78.0,58.0,0.0,74.0,49.0,0.0,68.0,42.0,0.0,74.0,42.0,0.0,80.0,51.0,0.1,80.0,55.0,0.0,75.0,49.0,0.0,69.0,49.0,0.0,70.0,49.0,,,,0.0,72.0,50.0,0.0,76.0,50.0,0.0,76.0,55.0,0.0,71.0,52.0,0.0,75.0,50.0,0.0,77.0,56.0
126,2016-07-01,2016,2016,2016,7,7,7,0.0,70.0,49.0,0.0,71.0,40.0,0.0,60.0,38.0,0.0,71.0,40.0,0.0,71.0,47.0,0.0,77.0,49.0,0.0,78.0,52.0,0.0,75.0,55.0,0.0,77.0,55.0,0.0,74.0,54.0,0.0,76.0,55.0,0.0,71.0,46.0,0.0,78.0,57.0,0.0,81.0,55.0,0.0,80.0,54.0,0.0,77.0,53.0,0.0,79.0,52.0,0.0,81.0,56.0,0.0,81.0,56.0,0.0,82.0,56.0,0.0,84.0,58.0,0.0,82.0,56.0,0.0,73.0,49.0,0.0,79.0,54.0,0.0,78.0,54.0,0.0,74.0,52.0,0.0,75.0,53.0,0.0,72.0,49.0,0.0,72.0,46.0,0.0,75.0,53.0,0.0,76.0,58.0
127,2016-08-01,2016,2016,2016,8,8,8,0.0,81.0,54.0,0.1,71.0,46.0,0.1,69.0,44.0,0.0,73.0,47.0,0.0,74.0,48.0,0.0,79.0,50.0,0.0,74.0,51.0,0.0,78.0,50.0,0.0,75.0,53.0,0.0,75.0,50.0,0.0,73.0,49.0,0.0,83.0,55.0,0.0,74.0,47.0,0.0,76.0,49.0,0.0,75.0,51.0,0.0,71.0,49.0,0.1,67.0,46.0,0.0,69.0,44.0,0.0,68.0,43.0,0.0,70.0,43.0,0.0,74.0,45.0,0.0,77.0,50.0,0.0,79.0,55.0,0.0,80.0,54.0,0.0,79.0,52.0,0.0,78.0,51.0,0.0,76.0,51.0,0.0,73.0,49.0,0.0,75.0,54.0,0.0,75.0,53.0,0.0,76.0,57.0
128,2016-09-01,2016,2016,2016,9,9,9,0.0,70.0,48.0,0.0,69.0,38.0,0.0,73.0,49.0,0.0,70.0,43.0,0.8,67.0,40.0,0.1,52.0,39.0,0.0,53.0,38.0,0.0,59.0,35.0,0.0,62.0,37.0,0.0,70.0,44.0,0.0,73.0,48.0,0.2,72.0,46.0,0.0,72.0,47.0,0.0,65.0,44.0,1.2,58.0,33.0,0.3,40.0,32.0,0.4,46.0,33.0,0.0,57.0,35.0,0.0,64.0,43.0,0.0,69.0,44.0,0.0,70.0,47.0,0.0,62.0,45.0,0.0,71.0,56.0,0.1,62.0,44.0,,,,0.1,64.0,44.0,0.0,62.0,39.0,0.0,65.0,41.0,0.0,66.0,43.0,0.0,66.0,48.0,0.0,66.0,41.0
129,2016-10-01,2016,2016,2016,10,10,10,0.0,62.0,45.0,0.0,60.0,45.0,0.0,58.0,42.0,0.0,57.0,35.0,0.0,60.0,42.0,0.0,56.0,49.0,0.0,61.0,49.0,0.0,56.0,45.0,0.2,48.0,31.0,0.1,45.0,30.0,0.0,43.0,26.0,0.4,60.0,41.0,0.0,53.0,27.0,0.0,62.0,40.0,0.0,59.0,47.0,0.0,61.0,47.0,1.2,52.0,42.0,0.0,51.0,39.0,0.0,60.0,38.0,0.0,60.0,41.0,0.7,61.0,43.0,0.0,56.0,42.0,0.3,47.0,31.0,0.1,54.0,47.0,0.7,47.0,32.0,0.0,43.0,30.0,0.1,47.0,27.0,0.1,42.0,25.0,0.0,54.0,28.0,0.0,60.0,36.0,0.0,62.0,41.0
130,2016-11-01,2016,2016,2016,11,11,11,0.1,45.0,29.0,0.0,58.0,41.0,0.0,57.0,40.0,0.0,54.0,38.0,0.0,50.0,37.0,0.0,55.0,36.0,0.0,60.0,44.0,0.0,48.0,26.0,0.3,29.0,15.0,0.0,35.0,15.0,0.0,51.0,28.0,0.1,48.0,27.0,0.0,50.0,34.0,0.5,41.0,29.0,0.0,41.0,22.0,0.3,37.0,20.0,0.0,33.0,15.0,0.0,44.0,23.0,0.3,41.0,28.0,0.4,30.0,21.0,0.6,24.0,17.0,0.0,28.0,9.0,0.0,55.0,34.0,0.0,27.0,8.0,,,,0.0,57.0,39.0,0.0,57.0,38.0,0.0,54.0,37.0,0.0,55.0,38.0,0.0,58.0,39.0,0.0,57.0,40.0
131,2016-12-01,2016,2016,2016,12,12,12,0.0,27.0,12.0,1.2,40.0,29.0,0.0,32.0,24.0,0.0,35.0,16.0,0.0,33.0,13.0,0.4,42.0,25.0,2.1,43.0,34.0,2.8,34.0,14.0,0.0,14.0,0.0,0.0,22.0,-6.0,0.2,37.0,2.0,0.0,27.0,9.0,0.0,51.0,21.0,0.0,36.0,22.0,0.0,33.0,22.0,0.1,40.0,20.0,0.9,30.0,25.0,0.6,26.0,8.0,0.0,23.0,3.0,0.0,34.0,7.0,0.0,32.0,17.0,0.0,46.0,17.0,0.0,26.0,8.0,0.0,44.0,26.0,0.0,36.0,17.0,0.0,37.0,14.0,0.0,36.0,11.0,0.0,29.0,8.0,0.0,20.0,2.0,0.2,29.0,3.0,0.4,41.0,27.0
132,2017-01-01,2017,2017,2017,1,1,1,0.1,32.0,16.0,1.4,31.0,25.0,1.5,30.0,24.0,0.6,29.0,22.0,0.0,40.0,21.0,0.0,39.0,20.0,0.0,37.0,10.0,0.0,25.0,6.0,0.0,41.0,11.0,0.0,44.0,21.0,0.0,31.0,23.0,0.7,27.0,16.0,0.5,33.0,21.0,0.5,31.0,16.0,0.8,35.0,15.0,2.1,28.0,17.0,0.0,22.0,9.0,0.0,23.0,9.0,0.0,24.0,3.0,0.0,23.0,1.0,0.0,30.0,3.0,0.0,49.0,23.0,0.2,26.0,13.0,0.0,47.0,27.0,0.0,48.0,27.0,1.4,33.0,23.0,0.0,24.0,-4.0,0.0,23.0,-9.0,0.3,34.0,10.0,0.9,40.0,28.0,2.4,40.0,25.0
133,2017-02-01,2017,2017,2017,2,2,2,0.0,45.0,29.0,1.6,45.0,33.0,1.5,40.0,17.0,0.0,41.0,15.0,0.0,42.0,19.0,0.0,42.0,21.0,0.0,52.0,26.0,0.0,51.0,28.0,0.0,44.0,28.0,0.2,41.0,31.0,0.8,38.0,28.0,0.0,36.0,28.0,0.3,45.0,31.0,0.7,41.0,26.0,0.3,30.0,18.0,0.0,22.0,13.0,0.0,21.0,2.0,0.5,20.0,3.0,0.0,30.0,2.0,0.5,25.0,9.0,0.0,25.0,6.0,,,,0.6,42.0,26.0,,,,,,,0.0,41.0,30.0,0.1,44.0,28.0,0.7,37.0,30.0,1.9,40.0,31.0,0.1,46.0,33.0,0.0,53.0,38.0
134,2017-03-01,2017,2017,2017,3,3,3,0.0,33.0,12.0,0.0,55.0,36.0,0.0,52.0,31.0,0.0,46.0,32.0,0.0,50.0,31.0,0.0,60.0,37.0,0.0,60.0,39.0,0.0,53.0,41.0,0.0,58.0,38.0,0.0,63.0,45.0,0.0,57.0,43.0,0.0,42.0,12.0,0.0,58.0,41.0,0.1,55.0,43.0,0.3,48.0,33.0,0.6,39.0,27.0,0.0,52.0,23.0,0.2,42.0,24.0,0.0,43.0,21.0,0.5,39.0,28.0,0.0,50.0,26.0,0.0,49.0,22.0,0.0,47.0,24.0,1.0,52.0,32.0,0.0,47.0,30.0,0.0,46.0,35.0,0.3,45.0,15.0,0.3,22.0,12.0,0.0,38.0,18.0,0.0,47.0,33.0,0.0,51.0,34.0
135,2017-04-01,2017,2017,2017,4,4,4,0.0,51.0,30.0,0.0,47.0,18.0,0.0,51.0,31.0,0.0,58.0,33.0,0.0,60.0,30.0,0.0,45.0,27.0,0.0,45.0,23.0,0.0,57.0,31.0,0.0,55.0,38.0,0.5,55.0,32.0,0.0,48.0,31.0,0.0,41.0,30.0,0.2,47.0,27.0,0.0,43.0,25.0,0.1,53.0,25.0,0.0,58.0,34.0,0.4,41.0,29.0,0.1,42.0,28.0,0.3,44.0,28.0,0.0,37.0,23.0,0.2,36.0,18.0,0.0,45.0,23.0,0.0,41.0,24.0,0.0,46.0,26.0,,,,0.0,37.0,16.0,0.0,47.0,20.0,0.0,60.0,31.0,0.0,49.0,41.0,0.6,44.0,24.0,0.1,35.0,18.0
136,2017-05-01,2017,2017,2017,5,5,5,0.0,50.0,36.0,0.0,62.0,40.0,0.0,64.0,42.0,0.0,65.0,49.0,0.0,52.0,31.0,0.0,55.0,31.0,0.0,55.0,35.0,0.5,49.0,32.0,0.3,38.0,20.0,0.1,37.0,18.0,0.0,45.0,26.0,0.0,49.0,34.0,0.1,52.0,31.0,0.2,51.0,35.0,0.0,58.0,38.0,0.0,63.0,42.0,0.0,66.0,47.0,0.0,54.0,40.0,0.0,55.0,35.0,0.0,55.0,31.0,0.0,62.0,39.0,0.0,66.0,43.0,0.0,54.0,31.0,0.0,69.0,46.0,0.0,70.0,49.0,0.0,65.0,39.0,0.0,70.0,45.0,0.2,65.0,43.0,0.0,63.0,42.0,0.1,61.0,38.0,0.0,62.0,38.0
137,2017-06-01,2017,2017,2017,6,6,6,0.0,66.0,44.0,0.0,66.0,46.0,0.0,67.0,50.0,0.1,56.0,32.0,0.4,53.0,33.0,0.0,63.0,38.0,0.0,70.0,45.0,0.0,71.0,52.0,0.0,65.0,49.0,0.0,70.0,47.0,0.0,76.0,50.0,0.0,65.0,42.0,0.4,81.0,51.0,0.0,79.0,54.0,0.0,70.0,50.0,0.0,69.0,45.0,0.0,72.0,46.0,0.0,75.0,50.0,0.0,78.0,53.0,0.0,71.0,50.0,0.0,71.0,48.0,0.0,66.0,47.0,0.0,72.0,45.0,0.0,69.0,43.0,,,,0.0,74.0,51.0,0.0,70.0,50.0,0.0,74.0,50.0,0.0,75.0,52.0,0.0,72.0,54.0,0.0,71.0,53.0
138,2017-07-01,2017,2017,2017,7,7,7,0.0,75.0,45.0,0.0,75.0,56.0,0.0,75.0,53.0,0.0,75.0,50.0,0.3,78.0,52.0,0.4,77.0,52.0,0.0,79.0,54.0,0.0,80.0,56.0,0.0,78.0,56.0,0.0,80.0,54.0,0.0,75.0,54.0,0.0,77.0,54.0,0.0,76.0,54.0,0.0,79.0,57.0,0.0,78.0,53.0,0.0,79.0,55.0,0.3,77.0,52.0,0.2,62.0,51.0,0.1,71.0,50.0,0.0,72.0,49.0,0.1,70.0,53.0,0.0,75.0,49.0,0.0,77.0,54.0,0.1,76.0,52.0,0.0,77.0,53.0,0.0,80.0,54.0,0.0,82.0,58.0,0.0,82.0,56.0,0.0,82.0,59.0,0.0,80.0,57.0,0.0,80.0,56.0
139,2017-08-01,2017,2017,2017,8,8,8,0.0,79.0,53.0,0.3,71.0,47.0,0.0,74.0,50.0,0.2,74.0,49.0,0.1,72.0,49.0,0.1,71.0,47.0,0.0,65.0,44.0,0.0,67.0,42.0,0.0,71.0,47.0,0.0,74.0,49.0,0.0,75.0,51.0,0.0,79.0,55.0,0.0,75.0,53.0,0.0,76.0,50.0,0.1,73.0,50.0,0.0,72.0,50.0,0.0,72.0,49.0,0.1,76.0,49.0,0.0,78.0,53.0,0.0,78.0,54.0,0.0,79.0,53.0,0.0,82.0,54.0,0.0,78.0,55.0,0.0,77.0,52.0,0.0,69.0,50.0,0.0,74.0,53.0,0.0,73.0,53.0,0.0,73.0,49.0,0.1,68.0,48.0,0.0,68.0,47.0,0.4,71.0,47.0
140,2017-09-01,2017,2017,2017,9,9,9,0.0,72.0,49.0,0.0,69.0,45.0,0.0,74.0,51.0,0.0,75.0,52.0,0.0,70.0,48.0,0.2,58.0,44.0,1.0,49.0,35.0,0.0,51.0,34.0,0.0,61.0,36.0,0.0,62.0,44.0,0.1,52.0,32.0,0.0,78.0,52.0,0.0,57.0,31.0,0.3,56.0,33.0,0.2,42.0,29.0,0.5,38.0,27.0,0.3,37.0,30.0,0.0,45.0,27.0,0.0,51.0,29.0,0.0,57.0,32.0,0.0,51.0,38.0,0.0,56.0,35.0,0.0,79.0,55.0,0.1,51.0,39.0,,,,0.0,81.0,54.0,0.0,78.0,51.0,0.0,78.0,53.0,0.0,74.0,51.0,0.0,74.0,49.0,0.0,64.0,47.0
141,2017-10-01,2017,2017,2017,10,10,10,0.0,41.0,28.0,0.0,54.0,26.0,0.0,56.0,36.0,0.0,47.0,31.0,0.0,50.0,33.0,0.0,39.0,24.0,0.1,58.0,26.0,0.0,60.0,38.0,0.0,65.0,41.0,0.0,62.0,40.0,0.0,63.0,44.0,0.0,38.0,24.0,0.0,52.0,28.0,0.0,37.0,24.0,0.0,52.0,31.0,0.0,52.0,37.0,0.0,57.0,36.0,0.0,57.0,39.0,0.0,53.0,33.0,0.0,48.0,30.0,0.0,53.0,35.0,0.0,57.0,35.0,0.0,50.0,22.0,0.0,48.0,31.0,0.0,44.0,28.0,0.0,52.0,32.0,0.0,55.0,33.0,0.0,47.0,31.0,0.1,58.0,31.0,0.0,53.0,28.0,0.0,45.0,24.0
142,2017-11-01,2017,2017,2017,11,11,11,0.0,51.0,33.0,0.0,46.0,36.0,0.0,41.0,29.0,0.0,49.0,29.0,0.0,54.0,35.0,0.0,46.0,31.0,0.0,47.0,32.0,0.1,46.0,39.0,0.7,42.0,14.0,0.0,34.0,11.0,0.0,46.0,26.0,0.0,51.0,37.0,0.0,47.0,33.0,0.0,49.0,37.0,0.0,55.0,38.0,0.0,55.0,40.0,0.0,50.0,35.0,0.0,53.0,34.0,0.0,57.0,42.0,0.0,51.0,26.0,0.0,42.0,23.0,0.0,42.0,28.0,0.1,44.0,35.0,0.0,45.0,27.0,,,,0.5,41.0,32.0,0.2,40.0,31.0,0.0,37.0,24.0,0.0,28.0,15.0,0.0,47.0,15.0,0.1,49.0,33.0
143,2017-12-01,2017,2017,2017,12,12,12,0.0,43.0,31.0,0.0,49.0,28.0,0.0,54.0,33.0,0.0,56.0,35.0,0.1,44.0,26.0,0.0,34.0,20.0,0.0,44.0,21.0,0.0,38.0,21.0,0.0,23.0,15.0,0.0,38.0,16.0,0.0,42.0,24.0,0.0,49.0,31.0,0.1,40.0,16.0,0.0,28.0,8.0,0.2,32.0,7.0,0.0,31.0,18.0,0.4,31.0,17.0,0.0,36.0,28.0,0.0,39.0,21.0,0.0,43.0,25.0,0.0,46.0,29.0,0.0,50.0,34.0,0.1,42.0,16.0,0.0,48.0,29.0,0.0,38.0,23.0,0.0,25.0,9.0,0.0,30.0,8.0,0.0,31.0,12.0,0.0,32.0,12.0,0.0,39.0,18.0,0.0,48.0,30.0
144,2018-01-01,2018,2018,2018,1,1,1,0.0,41.0,24.0,0.3,36.0,22.0,0.0,34.0,22.0,0.0,35.0,22.0,0.0,40.0,27.0,0.0,44.0,24.0,0.0,45.0,23.0,0.0,45.0,18.0,0.0,42.0,25.0,0.0,51.0,28.0,0.3,42.0,23.0,0.0,40.0,18.0,0.4,24.0,13.0,0.0,28.0,7.0,0.0,27.0,6.0,0.0,39.0,16.0,0.0,46.0,21.0,0.3,38.0,18.0,0.1,26.0,12.0,0.0,35.0,12.0,0.0,44.0,26.0,0.0,51.0,25.0,0.0,49.0,26.0,0.0,50.0,33.0,0.0,43.0,35.0,0.0,48.0,29.0,0.0,48.0,31.0,0.5,37.0,27.0,0.0,38.0,23.0,0.2,47.0,28.0,1.5,39.0,31.0
145,2018-02-01,2018,2018,2018,2,2,2,0.0,41.0,31.0,0.2,35.0,11.0,0.0,38.0,10.0,0.0,30.0,21.0,0.0,40.0,18.0,0.2,35.0,24.0,0.0,26.0,8.0,0.0,35.0,7.0,0.0,43.0,23.0,0.6,38.0,21.0,0.1,22.0,0.0,0.0,39.0,34.0,0.0,14.0,-4.0,0.1,26.0,-4.0,0.3,21.0,4.0,0.1,21.0,3.0,0.1,21.0,5.0,0.1,23.0,9.0,0.0,32.0,21.0,0.0,40.0,15.0,0.0,29.0,15.0,,,,0.0,41.0,35.0,,,,,,,0.0,40.0,35.0,0.0,41.0,28.0,0.0,35.0,22.0,0.0,40.0,21.0,0.0,45.0,27.0,0.0,46.0,35.0
146,2018-03-01,2018,2018,2018,3,3,3,0.3,37.0,19.0,0.0,47.0,30.0,0.0,50.0,29.0,0.0,50.0,33.0,0.0,54.0,30.0,1.0,45.0,29.0,0.3,42.0,20.0,0.2,40.0,16.0,0.4,31.0,21.0,0.1,31.0,17.0,0.0,39.0,13.0,0.0,36.0,25.0,0.0,43.0,19.0,0.1,49.0,30.0,3.0,42.0,36.0,0.1,43.0,31.0,0.0,41.0,31.0,0.1,40.0,19.0,0.0,36.0,13.0,0.1,42.0,16.0,0.1,42.0,31.0,0.0,45.0,30.0,0.4,39.0,27.0,0.0,47.0,31.0,0.0,52.0,37.0,0.4,28.0,16.0,0.0,31.0,9.0,0.0,37.0,8.0,0.0,46.0,18.0,0.0,49.0,27.0,0.0,47.0,34.0
147,2018-04-01,2018,2018,2018,4,4,4,0.0,51.0,39.0,0.0,56.0,31.0,0.0,57.0,40.0,0.2,50.0,19.0,0.3,34.0,18.0,0.0,45.0,20.0,0.0,52.0,31.0,0.0,54.0,26.0,0.2,33.0,20.0,0.0,46.0,19.0,0.0,52.0,33.0,0.0,46.0,15.0,0.0,44.0,31.0,0.0,53.0,33.0,0.0,58.0,39.0,0.0,51.0,35.0,0.0,51.0,30.0,0.0,57.0,31.0,0.0,61.0,38.0,0.0,66.0,39.0,0.0,66.0,43.0,0.0,51.0,33.0,0.0,38.0,10.0,0.4,40.0,29.0,,,,0.0,44.0,29.0,0.0,49.0,31.0,0.3,46.0,35.0,1.1,45.0,35.0,0.0,41.0,29.0,0.0,45.0,27.0
148,2018-05-01,2018,2018,2018,5,5,5,0.0,45.0,28.0,0.0,63.0,42.0,0.6,46.0,33.0,0.3,47.0,31.0,0.1,54.0,31.0,0.4,57.0,34.0,0.0,58.0,37.0,0.0,63.0,41.0,0.0,63.0,43.0,0.0,53.0,39.0,0.1,58.0,38.0,0.3,41.0,32.0,0.0,62.0,41.0,0.0,63.0,43.0,0.3,58.0,38.0,0.3,57.0,37.0,0.0,66.0,43.0,0.0,71.0,48.0,0.0,66.0,47.0,0.0,56.0,38.0,0.1,56.0,36.0,0.0,62.0,38.0,0.0,51.0,32.0,0.0,68.0,44.0,0.0,68.0,47.0,0.0,58.0,35.0,0.0,64.0,42.0,0.0,65.0,47.0,0.0,67.0,47.0,0.0,66.0,43.0,0.0,69.0,49.0
149,2018-06-01,2018,2018,2018,6,6,6,0.0,56.0,37.0,0.0,59.0,42.0,0.0,65.0,38.0,0.0,70.0,44.0,0.0,77.0,49.0,0.0,75.0,55.0,0.0,72.0,54.0,0.0,69.0,52.0,0.2,69.0,47.0,0.0,62.0,40.0,0.0,62.0,41.0,0.0,67.0,37.0,0.0,68.0,41.0,0.0,74.0,48.0,0.0,68.0,47.0,0.0,70.0,45.0,0.0,65.0,40.0,0.0,74.0,43.0,0.0,80.0,53.0,0.0,80.0,54.0,0.0,75.0,53.0,0.0,65.0,45.0,0.0,71.0,46.0,0.0,63.0,43.0,,,,0.0,75.0,50.0,0.0,73.0,55.0,0.0,73.0,52.0,0.0,71.0,51.0,0.0,72.0,48.0,0.0,73.0,51.0
150,2018-07-01,2018,2018,2018,7,7,7,0.0,69.0,42.0,0.0,79.0,55.0,0.0,76.0,53.0,0.0,78.0,53.0,0.0,80.0,55.0,0.1,72.0,52.0,0.0,79.0,51.0,0.0,80.0,53.0,0.0,78.0,51.0,0.0,79.0,55.0,0.0,80.0,58.0,0.0,75.0,50.0,0.0,76.0,54.0,0.1,80.0,54.0,0.0,73.0,53.0,0.0,78.0,52.0,0.0,81.0,54.0,0.0,79.0,58.0,0.0,81.0,54.0,0.0,80.0,55.0,0.2,81.0,55.0,0.0,77.0,53.0,0.0,75.0,53.0,0.0,80.0,52.0,0.0,82.0,54.0,0.0,77.0,50.0,0.0,77.0,55.0,0.0,82.0,54.0,0.0,81.0,58.0,0.1,83.0,54.0,0.0,80.0,55.0
151,2018-08-01,2018,2018,2018,8,8,8,0.0,78.0,57.0,0.0,83.0,57.0,0.0,83.0,58.0,0.0,82.0,55.0,0.0,81.0,55.0,0.1,78.0,54.0,0.1,76.0,52.0,0.0,76.0,51.0,0.2,76.0,47.0,0.0,69.0,46.0,0.0,72.0,47.0,0.0,71.0,53.0,0.1,70.0,48.0,0.0,69.0,48.0,1.0,68.0,45.0,0.2,69.0,43.0,0.1,73.0,50.0,0.0,73.0,52.0,0.0,71.0,53.0,0.0,64.0,44.0,0.0,62.0,39.0,0.1,71.0,45.0,0.0,76.0,50.0,0.0,70.0,57.0,0.0,71.0,49.0,0.1,76.0,50.0,0.0,72.0,51.0,0.0,75.0,48.0,0.0,77.0,49.0,0.0,79.0,52.0,0.0,82.0,56.0
152,2018-09-01,2018,2018,2018,9,9,9,0.0,71.0,48.0,0.0,75.0,49.0,0.0,72.0,51.0,0.0,71.0,51.0,0.0,67.0,52.0,0.0,72.0,50.0,0.0,74.0,53.0,0.0,71.0,56.0,0.0,71.0,52.0,0.0,70.0,52.0,0.0,70.0,45.0,0.0,72.0,47.0,0.0,60.0,40.0,0.0,67.0,39.0,0.0,69.0,46.0,0.1,65.0,44.0,0.0,59.0,39.0,0.1,59.0,35.0,0.0,60.0,33.0,0.0,66.0,39.0,0.0,69.0,44.0,0.0,67.0,53.0,0.0,74.0,48.0,0.0,60.0,52.0,,,,0.1,74.0,48.0,0.0,74.0,49.0,0.0,72.0,49.0,0.0,74.0,50.0,0.0,75.0,51.0,0.0,73.0,49.0
153,2018-10-01,2018,2018,2018,10,10,10,0.0,62.0,42.0,0.6,37.0,28.0,0.0,43.0,28.0,0.0,49.0,27.0,0.0,48.0,27.0,0.0,32.0,20.0,0.0,41.0,17.0,0.0,50.0,30.0,0.0,46.0,33.0,0.0,48.0,30.0,0.0,55.0,33.0,0.7,66.0,47.0,0.0,57.0,38.0,0.0,59.0,38.0,0.1,57.0,38.0,0.0,52.0,36.0,0.0,53.0,35.0,0.0,44.0,31.0,0.0,53.0,31.0,0.0,58.0,38.0,0.0,61.0,42.0,0.0,52.0,30.0,1.0,62.0,43.0,0.0,40.0,24.0,0.1,38.0,20.0,1.0,47.0,40.0,0.3,46.0,31.0,0.1,41.0,31.0,0.4,41.0,33.0,0.2,39.0,28.0,0.6,39.0,27.0
154,2018-11-01,2018,2018,2018,11,11,11,0.1,37.0,28.0,0.0,39.0,23.0,0.0,31.0,15.0,0.0,31.0,11.0,0.1,40.0,15.0,0.0,48.0,28.0,0.0,47.0,28.0,0.0,47.0,29.0,0.0,41.0,21.0,0.0,36.0,15.0,0.0,42.0,20.0,0.1,47.0,35.0,0.0,49.0,29.0,0.0,50.0,31.0,0.6,42.0,27.0,1.0,41.0,29.0,0.7,35.0,14.0,0.0,33.0,14.0,0.0,43.0,15.0,0.0,47.0,28.0,0.4,38.0,29.0,1.3,31.0,25.0,0.0,41.0,29.0,0.2,35.0,19.0,,,,0.1,37.0,30.0,0.0,38.0,29.0,0.0,35.0,24.0,0.0,36.0,19.0,0.0,33.0,16.0,0.0,38.0,14.0
155,2018-12-01,2018,2018,2018,12,12,12,0.1,30.0,18.0,0.0,49.0,24.0,0.0,39.0,20.0,0.6,36.0,11.0,0.0,30.0,9.0,0.0,49.0,20.0,0.0,46.0,28.0,0.0,51.0,30.0,0.0,41.0,28.0,0.0,39.0,27.0,0.0,35.0,25.0,0.4,25.0,15.0,0.0,47.0,23.0,0.3,42.0,27.0,0.0,29.0,13.0,0.0,43.0,16.0,0.0,32.0,24.0,0.2,35.0,24.0,0.0,31.0,9.0,0.1,22.0,8.0,0.0,19.0,0.0,0.0,24.0,-1.0,0.0,26.0,2.0,0.1,32.0,12.0,0.0,26.0,-3.0,0.0,31.0,2.0,0.0,34.0,15.0,0.0,34.0,20.0,0.0,42.0,23.0,0.0,37.0,20.0,0.0,42.0,17.0
156,2019-01-01,2019,2019,2019,1,1,1,0.0,14.0,-9.0,0.0,43.0,22.0,0.0,37.0,17.0,0.0,38.0,18.0,0.0,36.0,19.0,0.0,35.0,18.0,0.4,31.0,18.0,0.7,33.0,26.0,2.1,37.0,25.0,0.1,31.0,15.0,0.2,35.0,14.0,0.1,24.0,0.0,0.0,45.0,27.0,0.9,35.0,12.0,0.0,29.0,4.0,0.3,27.0,4.0,0.0,35.0,20.0,0.0,36.0,14.0,0.0,39.0,16.0,0.0,38.0,18.0,0.0,34.0,16.0,0.0,36.0,16.0,0.0,41.0,14.0,0.0,40.0,17.0,0.0,44.0,20.0,0.1,50.0,25.0,0.1,45.0,26.0,1.1,29.0,20.0,1.1,31.0,23.0,0.0,42.0,23.0,0.0,47.0,27.0
157,2019-02-01,2019,2019,2019,2,2,2,0.0,47.0,24.0,2.3,27.0,11.0,0.0,22.0,-1.0,0.0,36.0,9.0,1.3,33.0,25.0,1.3,38.0,29.0,0.3,36.0,18.0,0.0,27.0,8.0,0.0,26.0,8.0,0.0,24.0,2.0,0.1,18.0,-1.0,0.4,43.0,30.0,0.1,21.0,2.0,0.2,20.0,3.0,0.0,22.0,2.0,0.0,26.0,1.0,0.1,39.0,10.0,0.2,43.0,23.0,0.0,46.0,31.0,0.1,40.0,28.0,0.2,38.0,28.0,,,,2.7,33.0,26.0,,,,,,,0.6,30.0,26.0,1.3,27.0,19.0,0.3,24.0,7.0,0.0,15.0,-1.0,0.0,31.0,4.0,0.4,26.0,17.0
158,2019-03-01,2019,2019,2019,3,3,3,0.1,38.0,28.0,0.0,34.0,20.0,0.0,41.0,19.0,0.0,52.0,23.0,0.1,30.0,14.0,0.0,33.0,11.0,0.0,39.0,9.0,0.0,49.0,22.0,0.0,49.0,25.0,0.0,48.0,26.0,0.0,45.0,23.0,0.3,32.0,24.0,0.0,47.0,23.0,0.2,45.0,29.0,0.0,35.0,26.0,0.5,43.0,28.0,0.6,40.0,24.0,0.0,53.0,21.0,0.0,54.0,30.0,0.0,53.0,40.0,0.2,49.0,26.0,0.2,36.0,21.0,0.1,34.0,20.0,0.0,45.0,20.0,0.0,43.0,19.0,0.0,36.0,18.0,0.3,42.0,18.0,1.7,39.0,31.0,0.7,43.0,28.0,1.0,33.0,18.0,0.0,32.0,15.0
159,2019-04-01,2019,2019,2019,4,4,4,0.0,46.0,26.0,0.5,39.0,24.0,0.0,36.0,19.0,0.1,42.0,19.0,0.0,44.0,20.0,0.1,48.0,29.0,0.5,45.0,35.0,0.6,42.0,27.0,0.0,48.0,24.0,0.1,53.0,30.0,0.0,62.0,36.0,0.3,44.0,33.0,0.1,61.0,37.0,0.2,52.0,34.0,0.0,55.0,34.0,0.0,56.0,33.0,0.1,57.0,37.0,0.0,60.0,40.0,0.1,59.0,40.0,0.0,53.0,33.0,0.0,51.0,29.0,0.1,47.0,29.0,0.3,46.0,30.0,0.4,45.0,24.0,,,,0.0,55.0,31.0,0.2,53.0,34.0,0.0,44.0,30.0,0.0,55.0,29.0,0.0,58.0,40.0,0.4,50.0,27.0
160,2019-05-01,2019,2019,2019,5,5,5,0.1,43.0,21.0,0.0,52.0,28.0,0.0,57.0,34.0,0.0,61.0,38.0,0.0,63.0,43.0,0.0,64.0,45.0,0.0,66.0,46.0,1.0,58.0,31.0,0.6,43.0,30.0,0.2,45.0,30.0,0.4,49.0,30.0,0.0,48.0,24.0,0.1,49.0,27.0,0.1,46.0,31.0,0.5,47.0,30.0,1.1,46.0,31.0,0.5,54.0,33.0,0.0,56.0,33.0,0.1,58.0,39.0,0.2,52.0,33.0,0.0,48.0,32.0,0.4,56.0,36.0,0.0,52.0,34.0,0.1,59.0,36.0,0.0,60.0,38.0,0.0,57.0,35.0,0.0,59.0,38.0,0.0,62.0,37.0,0.3,51.0,33.0,0.1,52.0,31.0,0.1,45.0,30.0
161,2019-06-01,2019,2019,2019,6,6,6,0.1,62.0,40.0,0.0,64.0,38.0,0.0,67.0,46.0,0.0,69.0,48.0,0.2,72.0,44.0,0.0,64.0,44.0,0.0,67.0,45.0,0.0,68.0,47.0,0.0,63.0,45.0,0.0,65.0,42.0,0.0,68.0,47.0,0.1,65.0,42.0,0.0,65.0,36.0,0.0,53.0,32.0,0.0,54.0,32.0,0.0,60.0,35.0,0.0,66.0,43.0,0.0,70.0,48.0,0.0,70.0,51.0,0.0,71.0,52.0,0.0,73.0,52.0,0.0,73.0,53.0,0.0,63.0,42.0,0.0,63.0,46.0,,,,0.0,65.0,44.0,0.0,66.0,46.0,0.3,65.0,46.0,0.0,65.0,36.0,0.0,47.0,31.0,0.0,57.0,29.0
162,2019-07-01,2019,2019,2019,7,7,7,0.0,72.0,45.0,0.0,77.0,51.0,0.0,79.0,55.0,0.0,80.0,54.0,0.0,71.0,52.0,0.0,78.0,53.0,0.0,78.0,56.0,0.0,77.0,52.0,0.0,75.0,52.0,0.0,76.0,58.0,0.0,78.0,54.0,0.0,74.0,56.0,0.0,78.0,54.0,0.0,80.0,54.0,0.0,81.0,56.0,0.0,81.0,57.0,0.0,75.0,55.0,0.5,74.0,52.0,0.0,73.0,49.0,0.0,68.0,49.0,0.0,73.0,50.0,0.0,78.0,53.0,0.0,72.0,53.0,0.0,78.0,56.0,0.6,69.0,47.0,0.3,68.0,43.0,0.0,69.0,42.0,0.0,73.0,51.0,0.0,71.0,54.0,0.0,64.0,48.0,0.0,71.0,46.0
163,2019-08-01,2019,2019,2019,8,8,8,0.0,72.0,47.0,0.0,72.0,54.0,0.1,69.0,51.0,0.0,68.0,45.0,0.0,73.0,48.0,0.0,76.0,52.0,0.0,76.0,54.0,0.0,73.0,52.0,0.0,71.0,53.0,0.0,76.0,52.0,0.0,75.0,56.0,0.0,77.0,53.0,0.0,76.0,50.0,0.0,79.0,53.0,0.2,76.0,53.0,0.0,70.0,47.0,0.0,73.0,49.0,0.0,75.0,54.0,0.0,67.0,48.0,0.0,71.0,45.0,0.0,78.0,48.0,0.0,75.0,51.0,0.0,77.0,52.0,0.0,77.0,53.0,0.0,78.0,53.0,0.3,77.0,51.0,0.0,78.0,51.0,0.0,80.0,56.0,0.2,67.0,51.0,0.3,67.0,45.0,0.1,70.0,44.0
164,2019-09-01,2019,2019,2019,9,9,9,0.0,80.0,55.0,0.3,56.0,41.0,1.5,46.0,34.0,0.0,57.0,33.0,0.0,64.0,38.0,0.0,71.0,44.0,0.0,71.0,50.0,0.0,66.0,54.0,0.1,56.0,39.0,0.0,62.0,39.0,0.0,64.0,38.0,0.0,80.0,55.0,0.3,45.0,30.0,0.0,49.0,30.0,0.0,58.0,31.0,0.0,61.0,42.0,0.0,61.0,39.0,0.0,63.0,41.0,0.0,65.0,40.0,0.0,60.0,42.0,0.1,53.0,43.0,0.4,47.0,28.0,0.0,75.0,55.0,0.0,47.0,27.0,,,,0.0,79.0,54.0,0.0,78.0,54.0,0.0,70.0,51.0,0.0,70.0,47.0,0.6,60.0,43.0,0.0,62.0,39.0
165,2019-10-01,2019,2019,2019,10,10,10,0.0,50.0,27.0,0.0,33.0,14.0,0.0,45.0,11.0,0.0,53.0,28.0,0.0,57.0,31.0,0.0,55.0,33.0,0.0,58.0,35.0,0.0,64.0,39.0,0.1,55.0,30.0,0.0,40.0,27.0,0.3,45.0,24.0,0.0,45.0,29.0,0.0,38.0,23.0,0.1,39.0,28.0,0.0,44.0,35.0,0.0,42.0,26.0,0.0,41.0,22.0,0.0,52.0,30.0,0.0,55.0,29.0,0.3,30.0,12.0,0.1,26.0,6.0,0.2,24.0,2.0,0.0,59.0,33.0,0.0,24.0,-2.0,0.0,38.0,11.0,0.0,51.0,29.0,0.0,48.0,25.0,0.0,51.0,28.0,0.0,60.0,33.0,0.0,63.0,38.0,0.1,52.0,18.0
166,2019-11-01,2019,2019,2019,11,11,11,0.0,41.0,22.0,0.0,51.0,36.0,0.0,45.0,28.0,0.0,46.0,28.0,0.0,47.0,33.0,0.0,52.0,32.0,0.0,56.0,38.0,0.0,43.0,29.0,0.0,45.0,27.0,0.0,49.0,33.0,0.0,51.0,38.0,0.0,49.0,22.0,0.4,39.0,28.0,0.3,38.0,21.0,0.0,35.0,20.0,0.0,39.0,18.0,0.0,43.0,21.0,0.1,33.0,15.0,0.0,24.0,10.0,0.3,30.0,15.0,0.7,31.0,22.0,1.0,30.0,18.0,0.0,50.0,29.0,0.0,23.0,10.0,,,,0.0,47.0,31.0,0.0,49.0,30.0,0.0,53.0,32.0,0.0,51.0,34.0,0.0,55.0,36.0,0.0,57.0,37.0
167,2019-12-01,2019,2019,2019,12,12,12,0.0,42.0,11.0,0.0,35.0,16.0,0.1,38.0,23.0,0.4,36.0,27.0,0.4,32.0,26.0,0.6,33.0,11.0,0.0,29.0,9.0,0.0,25.0,4.0,0.0,35.0,3.0,0.0,34.0,21.0,0.0,37.0,18.0,0.0,41.0,30.0,0.0,40.0,18.0,0.0,47.0,29.0,0.0,49.0,30.0,0.1,38.0,27.0,0.4,35.0,27.0,0.1,34.0,19.0,0.0,29.0,15.0,0.1,28.0,10.0,0.0,24.0,4.0,0.0,18.0,1.0,0.0,43.0,29.0,0.0,27.0,15.0,0.0,30.0,8.0,0.4,53.0,30.0,0.2,33.0,29.0,0.0,45.0,26.0,0.3,44.0,30.0,0.7,37.0,27.0,0.0,33.0,18.0
168,2020-01-01,2020,2020,2020,1,1,1,0.7,30.0,18.0,0.0,24.0,7.0,0.1,30.0,13.0,0.2,23.0,15.0,0.1,31.0,20.0,0.0,30.0,14.0,0.0,33.0,13.0,0.1,45.0,18.0,0.4,32.0,10.0,0.0,34.0,11.0,0.0,40.0,18.0,0.1,25.0,17.0,0.0,40.0,27.0,0.2,34.0,26.0,0.2,33.0,27.0,0.0,36.0,25.0,0.1,34.0,23.0,0.0,41.0,26.0,0.3,48.0,27.0,0.1,33.0,21.0,0.0,35.0,19.0,0.0,39.0,16.0,0.0,36.0,21.0,0.0,32.0,16.0,0.0,36.0,15.0,0.0,44.0,22.0,0.1,36.0,18.0,0.0,32.0,18.0,0.0,45.0,23.0,0.2,38.0,19.0,0.1,29.0,16.0
169,2020-02-01,2020,2020,2020,2,2,2,0.1,46.0,22.0,0.0,32.0,8.0,0.2,32.0,8.0,0.0,34.0,17.0,0.0,34.0,15.0,0.0,43.0,23.0,0.0,38.0,24.0,0.3,36.0,25.0,0.0,29.0,8.0,0.0,30.0,4.0,0.0,29.0,6.0,0.0,49.0,24.0,0.1,38.0,8.0,0.1,47.0,22.0,0.0,47.0,28.0,0.0,43.0,24.0,0.0,33.0,14.0,0.0,31.0,9.0,0.0,38.0,10.0,0.0,41.0,21.0,0.0,49.0,23.0,0.0,44.0,29.0,0.1,24.0,2.0,,,,,,,0.0,20.0,-2.0,0.1,20.0,2.0,0.9,33.0,17.0,0.3,33.0,30.0,0.0,42.0,16.0,0.0,32.0,11.0
170,2020-03-01,2020,2020,2020,3,3,3,0.2,36.0,19.0,0.1,46.0,28.0,0.0,49.0,31.0,0.0,47.0,29.0,0.2,36.0,27.0,0.2,38.0,32.0,0.0,48.0,34.0,0.0,47.0,29.0,0.1,49.0,30.0,0.6,41.0,26.0,0.0,37.0,25.0,0.0,33.0,15.0,0.3,39.0,23.0,0.0,41.0,21.0,0.0,44.0,25.0,0.3,46.0,27.0,0.2,40.0,30.0,0.8,34.0,26.0,0.3,34.0,15.0,0.1,34.0,12.0,0.0,38.0,20.0,0.2,41.0,21.0,0.0,40.0,15.0,0.1,43.0,25.0,0.0,49.0,36.0,0.0,48.0,21.0,0.0,53.0,30.0,0.0,55.0,31.0,0.0,48.0,34.0,0.8,40.0,27.0,0.0,46.0,31.0
171,2020-04-01,2020,2020,2020,4,4,4,0.2,47.0,22.0,0.0,55.0,29.0,0.0,51.0,32.0,0.0,35.0,22.0,0.0,32.0,15.0,0.0,37.0,14.0,0.2,44.0,26.0,0.0,42.0,21.0,0.0,47.0,16.0,0.0,47.0,31.0,0.0,48.0,30.0,0.0,35.0,14.0,0.0,53.0,29.0,0.0,55.0,35.0,0.0,51.0,36.0,0.0,47.0,33.0,0.0,49.0,29.0,0.0,54.0,36.0,0.0,59.0,39.0,0.0,60.0,41.0,0.0,58.0,42.0,0.0,67.0,40.0,0.0,40.0,12.0,0.1,64.0,42.0,,,,0.1,47.0,24.0,0.6,48.0,32.0,0.2,43.0,33.0,0.0,52.0,35.0,0.0,57.0,33.0,0.0,56.0,30.0
172,2020-05-01,2020,2020,2020,5,5,5,0.0,56.0,38.0,0.0,66.0,40.0,0.0,65.0,43.0,0.0,59.0,47.0,0.0,51.0,38.0,0.0,55.0,37.0,0.0,53.0,38.0,0.0,57.0,34.0,0.0,66.0,45.0,0.0,68.0,51.0,0.0,64.0,39.0,0.3,57.0,38.0,0.1,46.0,33.0,0.0,54.0,35.0,0.2,56.0,30.0,0.1,42.0,28.0,0.0,50.0,29.0,0.0,56.0,32.0,0.0,64.0,40.0,0.0,67.0,49.0,0.0,72.0,49.0,0.0,76.0,53.0,0.0,54.0,34.0,0.0,75.0,52.0,0.0,73.0,53.0,0.0,50.0,31.0,0.0,57.0,33.0,0.0,61.0,37.0,0.0,49.0,30.0,0.0,57.0,31.0,0.0,60.0,37.0
173,2020-06-01,2020,2020,2020,6,6,6,0.0,72.0,51.0,0.0,64.0,38.0,0.0,71.0,42.0,0.0,75.0,49.0,0.0,65.0,43.0,0.0,61.0,36.0,0.0,68.0,41.0,0.1,63.0,42.0,0.0,51.0,33.0,0.0,60.0,33.0,0.0,62.0,37.0,0.0,71.0,51.0,0.0,65.0,42.0,0.0,71.0,47.0,0.0,70.0,48.0,0.0,72.0,47.0,0.0,75.0,51.0,0.0,72.0,51.0,0.0,72.0,50.0,0.0,75.0,50.0,0.1,65.0,40.0,0.1,50.0,34.0,0.0,72.0,51.0,0.1,55.0,37.0,,,,0.0,73.0,52.0,0.0,78.0,53.0,2.4,54.0,37.0,0.5,49.0,30.0,0.1,42.0,29.0,0.0,54.0,29.0
174,2020-07-01,2020,2020,2020,7,7,7,0.0,68.0,40.0,0.0,75.0,57.0,0.0,80.0,53.0,0.0,80.0,58.0,0.0,76.0,55.0,0.0,73.0,49.0,0.0,75.0,51.0,0.0,77.0,51.0,0.0,79.0,57.0,0.0,79.0,56.0,0.0,78.0,54.0,0.0,71.0,52.0,0.0,77.0,54.0,0.0,77.0,54.0,0.1,66.0,49.0,0.0,72.0,48.0,0.0,74.0,48.0,0.0,76.0,51.0,0.0,76.0,52.0,0.0,78.0,52.0,0.0,73.0,49.0,0.0,76.0,51.0,0.0,73.0,51.0,0.0,81.0,53.0,0.0,83.0,56.0,0.0,74.0,57.0,0.0,76.0,52.0,0.0,78.0,53.0,0.0,74.0,53.0,0.0,72.0,49.0,0.0,75.0,50.0
175,2020-08-01,2020,2020,2020,8,8,8,0.0,84.0,57.0,0.0,78.0,53.0,0.0,78.0,51.0,0.0,75.0,54.0,0.0,78.0,50.0,0.0,75.0,52.0,0.0,79.0,54.0,0.0,81.0,54.0,0.0,85.0,57.0,0.0,86.0,58.0,0.0,83.0,58.0,0.0,85.0,55.0,0.0,80.0,58.0,0.0,81.0,55.0,0.0,83.0,57.0,0.0,80.0,57.0,0.0,80.0,56.0,0.0,80.0,56.0,0.0,80.0,53.0,0.0,78.0,57.0,0.0,78.0,51.0,0.0,76.0,54.0,0.0,82.0,58.0,0.0,74.0,52.0,0.1,63.0,39.0,0.0,78.0,54.0,0.0,80.0,53.0,0.0,75.0,55.0,0.0,75.0,50.0,0.0,77.0,51.0,0.0,78.0,51.0
176,2020-09-01,2020,2020,2020,9,9,9,0.0,62.0,33.0,0.0,57.0,31.0,0.0,63.0,36.0,0.0,71.0,44.0,0.0,73.0,47.0,0.0,74.0,48.0,0.0,76.0,49.0,0.0,75.0,50.0,0.0,76.0,50.0,0.0,74.0,51.0,0.1,62.0,42.0,0.0,72.0,46.0,0.0,65.0,38.0,0.0,72.0,45.0,0.0,68.0,45.0,0.0,69.0,45.0,0.0,71.0,49.0,0.0,70.0,47.0,0.0,65.0,46.0,0.1,57.0,35.0,0.0,60.0,35.0,0.0,67.0,39.0,0.0,77.0,49.0,0.0,70.0,42.0,,,,0.0,81.0,54.0,0.0,85.0,57.0,0.0,82.0,58.0,0.0,73.0,43.0,0.1,43.0,26.0,0.0,48.0,25.0
177,2020-10-01,2020,2020,2020,10,10,10,0.0,69.0,45.0,0.0,65.0,48.0,0.2,51.0,31.0,0.0,56.0,32.0,0.0,63.0,41.0,0.0,56.0,41.0,0.0,47.0,29.0,0.0,53.0,29.0,0.0,56.0,42.0,0.0,57.0,47.0,0.0,59.0,45.0,0.0,68.0,46.0,0.0,56.0,45.0,0.0,59.0,44.0,0.0,52.0,22.0,0.0,42.0,21.0,0.0,53.0,37.0,0.2,41.0,4.0,0.0,26.0,-1.0,0.0,39.0,23.0,0.0,49.0,27.0,0.0,54.0,33.0,0.0,68.0,46.0,0.0,54.0,35.0,0.0,53.0,37.0,0.0,67.0,43.0,0.0,67.0,47.0,0.0,69.0,43.0,0.0,72.0,45.0,0.0,69.0,51.0,0.0,67.0,48.0
178,2020-11-01,2020,2020,2020,11,11,11,0.0,59.0,36.0,0.0,24.0,15.0,0.2,26.0,19.0,0.1,33.0,12.0,1.0,41.0,21.0,0.1,30.0,17.0,0.2,43.0,23.0,0.0,54.0,35.0,0.0,55.0,35.0,0.0,50.0,40.0,0.0,42.0,26.0,0.0,63.0,42.0,0.0,44.0,25.0,0.0,40.0,23.0,0.0,44.0,24.0,0.0,42.0,23.0,0.0,34.0,16.0,0.0,44.0,16.0,0.2,29.0,12.0,0.0,28.0,11.0,0.0,43.0,19.0,0.0,40.0,21.0,0.0,62.0,44.0,0.1,47.0,22.0,,,,0.0,60.0,42.0,0.0,61.0,41.0,0.0,54.0,44.0,0.4,49.0,25.0,1.3,28.0,17.0,0.3,33.0,15.0
179,2020-12-01,2020,2020,2020,12,12,12,0.0,33.0,15.0,0.0,41.0,20.0,0.0,27.0,11.0,0.3,26.0,6.0,0.0,35.0,4.0,0.1,27.0,15.0,0.0,27.0,7.0,0.0,32.0,17.0,0.4,36.0,21.0,0.0,37.0,12.0,0.0,33.0,13.0,0.0,28.0,11.0,0.1,40.0,21.0,0.0,50.0,32.0,0.3,42.0,13.0,0.0,26.0,6.0,0.0,40.0,6.0,0.0,49.0,24.0,0.0,40.0,25.0,0.0,31.0,18.0,0.3,22.0,13.0,0.0,30.0,6.0,0.0,44.0,14.0,0.0,30.0,8.0,0.0,32.0,19.0,0.0,49.0,25.0,0.0,50.0,31.0,0.0,51.0,29.0,0.0,50.0,30.0,0.0,56.0,33.0,0.0,52.0,31.0
180,2021-01-01,2021,2021,2021,1,1,1,0.0,27.0,12.0,0.0,33.0,11.0,0.0,34.0,11.0,0.0,43.0,22.0,0.0,45.0,29.0,0.0,36.0,19.0,0.1,42.0,19.0,0.0,45.0,21.0,0.0,41.0,22.0,0.1,31.0,16.0,0.0,33.0,11.0,0.0,32.0,17.0,0.0,38.0,16.0,0.0,40.0,24.0,1.0,34.0,24.0,0.5,29.0,20.0,0.0,31.0,14.0,0.0,31.0,8.0,0.1,22.0,12.0,0.3,24.0,11.0,0.2,34.0,20.0,0.9,35.0,24.0,0.2,30.0,21.0,0.0,28.0,13.0,0.0,40.0,14.0,0.1,46.0,20.0,0.4,34.0,14.0,0.0,38.0,13.0,0.0,36.0,18.0,0.0,35.0,18.0,0.0,33.0,11.0
181,2021-02-01,2021,2021,2021,2,2,2,0.0,47.0,27.0,0.0,40.0,28.0,0.2,37.0,29.0,0.3,37.0,29.0,0.3,32.0,20.0,0.0,24.0,6.0,0.4,28.0,13.0,0.3,31.0,17.0,0.0,30.0,8.0,0.0,24.0,6.0,0.2,35.0,15.0,0.1,48.0,32.0,0.0,34.0,18.0,0.0,29.0,13.0,0.1,42.0,15.0,0.0,38.0,18.0,0.0,27.0,10.0,0.0,32.0,7.0,0.1,31.0,13.0,0.0,24.0,6.0,0.0,25.0,3.0,,,,0.1,38.0,15.0,,,,,,,0.0,26.0,15.0,0.2,26.0,18.0,0.1,35.0,20.0,0.0,38.0,29.0,0.0,40.0,31.0,0.0,37.0,27.0
182,2021-03-01,2021,2021,2021,3,3,3,0.1,43.0,9.0,0.2,38.0,18.0,0.1,29.0,16.0,0.2,36.0,16.0,0.6,34.0,24.0,0.0,47.0,24.0,0.0,52.0,27.0,0.2,47.0,26.0,0.0,48.0,26.0,0.0,51.0,30.0,0.0,54.0,33.0,0.0,48.0,25.0,0.7,43.0,24.0,0.1,40.0,14.0,0.0,36.0,13.0,0.0,40.0,16.0,0.1,41.0,16.0,0.5,32.0,21.0,0.1,41.0,21.0,0.0,41.0,18.0,0.0,53.0,26.0,0.0,47.0,15.0,0.0,51.0,28.0,0.0,32.0,9.0,0.0,45.0,14.0,0.0,45.0,27.0,0.2,50.0,33.0,0.0,51.0,30.0,0.0,53.0,31.0,0.0,51.0,37.0,0.1,43.0,23.0
183,2021-04-01,2021,2021,2021,4,4,4,0.0,60.0,29.0,0.0,52.0,31.0,0.0,44.0,29.0,0.0,45.0,22.0,0.0,40.0,24.0,1.0,40.0,27.0,0.1,42.0,24.0,0.2,37.0,23.0,0.0,47.0,21.0,0.0,54.0,26.0,0.0,51.0,26.0,0.0,60.0,37.0,0.0,46.0,19.0,0.0,47.0,29.0,0.0,48.0,27.0,0.0,48.0,33.0,0.0,49.0,32.0,0.0,46.0,39.0,1.9,42.0,29.0,0.0,47.0,26.0,0.0,56.0,31.0,0.0,60.0,37.0,0.0,63.0,41.0,0.0,68.0,44.0,,,,0.0,64.0,44.0,0.1,58.0,26.0,0.1,38.0,21.0,0.0,50.0,24.0,0.0,50.0,32.0,0.0,44.0,23.0
184,2021-05-01,2021,2021,2021,5,5,5,0.0,63.0,42.0,0.0,44.0,30.0,0.0,49.0,30.0,0.0,58.0,32.0,0.0,65.0,42.0,0.0,66.0,45.0,0.0,65.0,45.0,0.0,63.0,42.0,0.0,58.0,38.0,0.0,64.0,41.0,0.0,67.0,46.0,0.0,52.0,33.0,0.0,63.0,44.0,0.1,54.0,30.0,0.0,55.0,29.0,0.8,44.0,30.0,0.0,51.0,30.0,0.0,61.0,37.0,0.0,58.0,40.0,0.0,65.0,38.0,0.0,68.0,47.0,0.0,65.0,45.0,0.0,50.0,31.0,0.0,63.0,43.0,0.0,65.0,43.0,0.0,52.0,32.0,0.0,56.0,34.0,0.0,67.0,39.0,0.0,65.0,38.0,0.0,45.0,34.0,0.0,46.0,30.0
185,2021-06-01,2021,2021,2021,6,6,6,0.0,70.0,46.0,0.0,59.0,35.0,0.0,65.0,32.0,0.0,75.0,45.0,0.0,81.0,53.0,0.0,81.0,59.0,0.0,83.0,58.0,0.0,81.0,56.0,0.0,80.0,59.0,0.0,81.0,59.0,0.0,77.0,57.0,0.0,74.0,50.0,0.0,73.0,55.0,0.0,77.0,48.0,0.0,77.0,55.0,0.0,76.0,55.0,0.4,62.0,44.0,0.0,66.0,44.0,0.0,69.0,47.0,0.0,72.0,46.0,0.0,72.0,49.0,0.0,72.0,48.0,0.0,78.0,54.0,0.0,69.0,47.0,,,,0.0,80.0,55.0,0.0,76.0,53.0,0.0,74.0,52.0,0.0,74.0,58.0,0.0,69.0,55.0,0.0,70.0,55.0
186,2021-07-01,2021,2021,2021,7,7,7,0.0,72.0,49.0,0.0,81.0,54.0,0.0,82.0,57.0,0.0,83.0,59.0,0.0,80.0,57.0,0.1,77.0,54.0,0.0,80.0,52.0,0.0,80.0,51.0,0.0,80.0,53.0,0.0,85.0,57.0,0.2,78.0,54.0,0.0,75.0,52.0,0.0,76.0,53.0,0.0,80.0,55.0,0.1,78.0,53.0,0.0,77.0,53.0,0.0,80.0,56.0,0.0,79.0,55.0,0.0,81.0,56.0,0.0,75.0,54.0,0.8,76.0,55.0,0.0,73.0,52.0,0.0,80.0,54.0,0.4,70.0,52.0,0.0,76.0,52.0,0.0,82.0,56.0,0.0,76.0,53.0,0.0,80.0,53.0,0.0,83.0,57.0,0.0,84.0,61.0,0.0,83.0,60.0
187,2021-08-01,2021,2021,2021,8,8,8,0.5,71.0,51.0,0.0,73.0,51.0,0.0,75.0,50.0,0.0,79.0,52.0,0.0,83.0,58.0,0.0,84.0,58.0,0.0,79.0,57.0,0.0,79.0,54.0,1.2,78.0,49.0,2.0,55.0,43.0,0.5,49.0,37.0,0.3,66.0,51.0,0.0,61.0,40.0,0.1,65.0,45.0,0.0,67.0,45.0,0.0,70.0,51.0,0.0,70.0,51.0,0.4,72.0,49.0,0.0,71.0,49.0,0.0,70.0,49.0,0.0,68.0,48.0,0.0,74.0,47.0,0.4,73.0,47.0,0.0,75.0,52.0,0.0,74.0,53.0,0.0,76.0,51.0,0.0,80.0,53.0,0.0,70.0,50.0,0.0,69.0,44.0,0.0,75.0,49.0,0.0,72.0,53.0
188,2021-09-01,2021,2021,2021,9,9,9,0.1,64.0,47.0,0.0,74.0,54.0,0.1,64.0,50.0,0.0,70.0,49.0,0.0,70.0,49.0,0.0,68.0,47.0,0.0,71.0,46.0,0.0,70.0,49.0,0.0,69.0,46.0,1.3,60.0,47.0,0.0,60.0,34.0,0.0,69.0,46.0,0.0,51.0,31.0,0.0,60.0,32.0,0.0,67.0,40.0,0.0,63.0,44.0,0.0,67.0,42.0,0.0,69.0,44.0,0.0,71.0,47.0,0.0,72.0,48.0,0.4,62.0,38.0,0.0,42.0,31.0,0.1,67.0,45.0,0.0,53.0,33.0,,,,0.0,69.0,43.0,0.0,72.0,46.0,0.0,75.0,50.0,0.0,77.0,50.0,0.0,78.0,51.0,0.0,80.0,52.0
189,2021-10-01,2021,2021,2021,10,10,10,0.0,60.0,36.0,0.0,46.0,30.0,1.0,51.0,32.0,0.2,36.0,26.0,0.0,38.0,20.0,0.1,33.0,19.0,0.0,43.0,18.0,0.0,59.0,31.0,0.0,58.0,36.0,0.5,46.0,29.0,0.5,38.0,28.0,0.0,60.0,39.0,0.0,52.0,27.0,0.0,55.0,36.0,0.0,58.0,39.0,0.1,45.0,32.0,0.1,49.0,31.0,0.6,50.0,32.0,0.4,35.0,28.0,0.1,40.0,30.0,0.0,51.0,34.0,0.0,57.0,35.0,0.0,63.0,40.0,0.0,57.0,39.0,0.0,53.0,40.0,0.0,64.0,42.0,0.0,64.0,43.0,0.5,50.0,41.0,0.0,57.0,41.0,2.3,50.0,35.0,0.1,42.0,31.0
190,2021-11-01,2021,2021,2021,11,11,11,0.0,53.0,37.0,0.0,39.0,31.0,0.1,40.0,29.0,0.0,49.0,33.0,0.0,51.0,34.0,0.0,51.0,36.0,0.0,59.0,40.0,0.1,50.0,29.0,0.0,33.0,19.0,0.0,47.0,24.0,0.1,45.0,32.0,0.1,47.0,33.0,0.0,38.0,24.0,0.0,42.0,21.0,0.0,55.0,30.0,0.0,45.0,23.0,0.0,31.0,18.0,0.0,42.0,16.0,0.0,49.0,30.0,0.0,44.0,31.0,0.0,52.0,32.0,0.0,51.0,36.0,0.0,48.0,31.0,0.0,46.0,30.0,,,,0.0,58.0,36.0,0.0,54.0,38.0,0.0,53.0,45.0,0.0,49.0,34.0,0.0,49.0,31.0,0.7,44.0,32.0
191,2021-12-01,2021,2021,2021,12,12,12,0.0,50.0,32.0,0.1,18.0,8.0,0.0,34.0,5.0,0.0,41.0,26.0,0.0,40.0,30.0,1.0,36.0,23.0,0.0,24.0,7.0,0.4,24.0,17.0,0.0,21.0,8.0,0.0,40.0,8.0,0.0,43.0,23.0,0.0,54.0,37.0,0.0,44.0,23.0,0.0,43.0,26.0,0.0,41.0,28.0,2.2,37.0,28.0,0.5,32.0,26.0,0.1,30.0,26.0,0.7,27.0,14.0,0.4,22.0,12.0,0.1,18.0,9.0,0.7,24.0,4.0,0.0,54.0,35.0,0.9,29.0,20.0,0.4,23.0,2.0,0.0,50.0,33.0,0.0,42.0,33.0,0.0,37.0,28.0,0.0,39.0,27.0,0.0,41.0,25.0,1.2,35.0,14.0
192,2022-01-01,2022,2022,2022,1,1,1,0.0,17.0,-3.0,0.0,49.0,26.0,0.0,43.0,22.0,0.0,48.0,24.0,0.0,53.0,31.0,0.0,38.0,21.0,0.0,48.0,19.0,0.0,52.0,29.0,0.0,48.0,29.0,0.0,40.0,22.0,0.0,35.0,17.0,0.0,35.0,-1.0,0.1,32.0,12.0,0.0,38.0,16.0,0.0,36.0,13.0,0.0,38.0,18.0,0.1,36.0,18.0,0.0,31.0,11.0,0.0,31.0,8.0,0.0,33.0,12.0,0.0,40.0,13.0,0.0,46.0,26.0,0.0,43.0,21.0,0.0,47.0,24.0,0.0,40.0,17.0,0.1,33.0,25.0,0.7,37.0,25.0,0.2,41.0,30.0,0.0,44.0,31.0,0.2,35.0,16.0,0.0,36.0,12.0
193,2022-02-01,2022,2022,2022,2,2,2,0.0,23.0,3.0,0.0,45.0,24.0,0.0,47.0,24.0,0.0,43.0,22.0,0.0,50.0,26.0,0.0,49.0,29.0,0.0,44.0,26.0,0.0,27.0,16.0,0.0,30.0,11.0,0.0,39.0,15.0,0.0,43.0,21.0,0.0,23.0,1.0,0.0,43.0,28.0,0.4,33.0,9.0,0.3,31.0,7.0,0.2,14.0,-3.0,0.1,17.0,-4.0,0.0,22.0,0.0,0.0,31.0,-2.0,0.0,44.0,13.0,0.0,48.0,22.0,,,,0.0,24.0,-2.0,,,,,,,0.0,35.0,10.0,0.0,37.0,17.0,0.0,33.0,17.0,0.0,45.0,17.0,0.0,42.0,24.0,0.0,43.0,24.0
194,2022-03-01,2022,2022,2022,3,3,3,0.0,57.0,29.0,0.0,25.0,4.0,0.0,32.0,3.0,0.0,46.0,18.0,0.2,39.0,22.0,0.0,43.0,18.0,0.2,53.0,27.0,0.0,42.0,23.0,0.0,42.0,18.0,0.0,44.0,24.0,0.0,51.0,25.0,0.0,59.0,35.0,0.3,40.0,18.0,0.0,41.0,15.0,0.0,43.0,20.0,0.0,50.0,22.0,0.0,54.0,32.0,0.0,60.0,37.0,0.0,62.0,42.0,0.0,61.0,47.0,0.1,51.0,34.0,0.5,43.0,31.0,0.0,55.0,37.0,0.0,47.0,29.0,0.1,39.0,27.0,0.1,48.0,29.0,0.6,36.0,21.0,0.0,32.0,9.0,0.0,33.0,8.0,0.3,28.0,11.0,0.3,28.0,13.0
195,2022-04-01,2022,2022,2022,4,4,4,0.0,44.0,26.0,0.0,35.0,19.0,0.2,43.0,17.0,0.0,27.0,13.0,0.2,28.0,14.0,0.1,43.0,22.0,0.1,46.0,30.0,0.1,46.0,34.0,0.0,47.0,34.0,0.0,58.0,33.0,0.2,55.0,29.0,0.0,51.0,32.0,0.0,52.0,24.0,0.0,56.0,44.0,0.4,45.0,28.0,0.1,39.0,26.0,0.0,43.0,23.0,0.0,51.0,25.0,0.0,55.0,32.0,0.0,57.0,40.0,0.0,55.0,35.0,0.0,40.0,27.0,0.0,51.0,30.0,0.0,52.0,28.0,,,,0.1,48.0,31.0,0.1,40.0,22.0,0.0,39.0,16.0,0.0,49.0,23.0,0.0,59.0,32.0,0.0,51.0,24.0
196,2022-05-01,2022,2022,2022,5,5,5,0.0,49.0,34.0,0.0,47.0,24.0,0.0,55.0,32.0,0.0,44.0,28.0,0.0,53.0,33.0,0.0,61.0,40.0,0.0,69.0,44.0,0.0,70.0,50.0,0.0,63.0,44.0,0.0,63.0,42.0,0.2,59.0,31.0,0.0,53.0,33.0,0.1,38.0,26.0,0.0,50.0,25.0,0.0,54.0,32.0,0.0,49.0,30.0,0.0,53.0,33.0,0.0,62.0,38.0,0.0,72.0,46.0,0.0,69.0,52.0,0.2,58.0,40.0,0.7,43.0,31.0,0.0,37.0,25.0,0.1,41.0,30.0,0.0,51.0,29.0,0.0,42.0,27.0,0.0,58.0,32.0,0.0,62.0,43.0,0.1,54.0,39.0,0.5,49.0,27.0,0.0,39.0,22.0
197,2022-06-01,2022,2022,2022,6,6,6,0.0,59.0,31.0,0.0,78.0,54.0,0.0,78.0,55.0,0.0,78.0,54.0,0.5,59.0,35.0,0.0,52.0,32.0,0.0,62.0,34.0,0.0,77.0,43.0,0.0,76.0,58.0,0.0,68.0,52.0,0.0,61.0,35.0,0.0,66.0,40.0,0.0,55.0,34.0,0.0,68.0,39.0,0.0,72.0,47.0,0.0,71.0,48.0,0.0,69.0,49.0,0.0,73.0,47.0,0.0,73.0,49.0,0.0,77.0,50.0,0.0,78.0,52.0,1.0,75.0,45.0,0.0,69.0,49.0,0.0,73.0,49.0,,,,0.0,67.0,48.0,0.0,62.0,46.0,0.0,62.0,45.0,0.0,66.0,41.0,0.0,71.0,45.0,0.0,74.0,51.0
198,2022-07-01,2022,2022,2022,7,7,7,0.0,74.0,49.0,0.0,78.0,55.0,0.0,79.0,53.0,0.1,78.0,55.0,0.1,81.0,53.0,0.0,78.0,53.0,0.1,71.0,53.0,0.0,78.0,53.0,0.0,83.0,56.0,0.4,79.0,51.0,0.0,76.0,54.0,0.0,75.0,50.0,0.1,77.0,52.0,0.0,78.0,54.0,0.0,80.0,58.0,0.0,80.0,58.0,0.0,68.0,51.0,0.0,77.0,50.0,0.1,78.0,53.0,0.0,78.0,54.0,0.0,80.0,55.0,0.2,75.0,52.0,0.0,75.0,56.0,0.1,77.0,52.0,0.0,77.0,53.0,0.0,74.0,54.0,0.0,74.0,52.0,0.0,74.0,49.0,0.0,76.0,52.0,0.0,77.0,52.0,0.0,78.0,55.0
199,2022-08-01,2022,2022,2022,8,8,8,1.3,75.0,51.0,0.0,77.0,54.0,0.0,75.0,52.0,0.0,76.0,54.0,0.3,75.0,53.0,0.2,69.0,52.0,0.0,74.0,52.0,0.0,75.0,53.0,0.0,77.0,52.0,0.0,79.0,53.0,0.0,64.0,53.0,0.1,69.0,51.0,0.6,58.0,46.0,0.2,72.0,47.0,0.0,74.0,49.0,0.0,76.0,50.0,0.0,78.0,51.0,0.0,75.0,51.0,0.0,72.0,50.0,0.0,73.0,51.0,0.0,72.0,51.0,0.0,75.0,51.0,0.0,74.0,51.0,0.0,79.0,53.0,0.0,81.0,55.0,0.0,78.0,54.0,0.1,74.0,56.0,0.2,67.0,48.0,0.0,71.0,45.0,0.0,74.0,47.0,0.0,78.0,50.0
200,2022-09-01,2022,2022,2022,9,9,9,0.0,81.0,56.0,0.0,68.0,36.0,0.0,73.0,44.0,0.0,75.0,48.0,0.6,61.0,47.0,0.6,53.0,42.0,0.3,60.0,40.0,0.1,59.0,41.0,0.0,61.0,40.0,0.0,66.0,44.0,0.0,67.0,47.0,0.0,80.0,53.0,0.0,68.0,48.0,0.2,63.0,47.0,0.1,60.0,47.0,0.0,60.0,40.0,0.0,64.0,38.0,0.0,68.0,42.0,0.0,70.0,45.0,0.0,71.0,46.0,0.0,67.0,44.0,0.0,66.0,49.0,0.0,83.0,55.0,0.2,57.0,35.0,,,,0.0,83.0,57.0,0.0,83.0,57.0,0.0,85.0,58.0,0.0,85.0,58.0,0.0,78.0,53.0,0.0,71.0,46.0
201,2022-10-01,2022,2022,2022,10,10,10,0.0,56.0,35.0,0.0,63.0,41.0,0.0,58.0,39.0,0.0,63.0,38.0,0.0,62.0,41.0,0.0,64.0,40.0,0.0,63.0,38.0,0.0,59.0,36.0,0.0,62.0,39.0,0.0,65.0,40.0,0.0,67.0,44.0,0.0,62.0,39.0,0.0,63.0,42.0,0.0,58.0,39.0,2.9,47.0,28.0,0.0,33.0,21.0,0.0,35.0,18.0,0.0,39.0,25.0,0.3,36.0,18.0,0.0,38.0,18.0,0.0,49.0,23.0,0.0,49.0,30.0,0.0,62.0,40.0,0.0,49.0,29.0,0.0,53.0,28.0,0.0,60.0,38.0,0.0,63.0,39.0,0.0,64.0,42.0,0.0,65.0,41.0,0.0,65.0,42.0,0.0,65.0,41.0
202,2022-11-01,2022,2022,2022,11,11,11,0.0,48.0,37.0,0.0,24.0,8.0,0.1,31.0,6.0,0.0,39.0,16.0,0.0,36.0,18.0,0.0,32.0,12.0,0.0,30.0,10.0,0.0,32.0,11.0,0.0,36.0,15.0,0.0,28.0,11.0,0.0,35.0,9.0,1.2,41.0,22.0,0.1,42.0,18.0,0.0,49.0,22.0,0.0,50.0,26.0,0.0,34.0,20.0,0.0,36.0,20.0,0.0,53.0,21.0,0.0,39.0,20.0,0.0,34.0,15.0,0.1,31.0,15.0,0.0,19.0,6.0,0.0,31.0,13.0,0.1,42.0,11.0,,,,0.1,32.0,12.0,0.5,38.0,25.0,0.1,39.0,25.0,0.0,44.0,35.0,0.7,41.0,34.0,1.6,38.0,21.0
203,2022-12-01,2022,2022,2022,12,12,12,0.2,37.0,29.0,0.0,38.0,18.0,1.1,35.0,24.0,0.1,26.0,13.0,0.0,25.0,13.0,0.0,29.0,8.0,0.0,27.0,5.0,0.0,23.0,2.0,0.0,30.0,2.0,0.0,38.0,14.0,0.0,34.0,15.0,0.5,31.0,11.0,0.0,36.0,19.0,0.4,32.0,20.0,0.0,26.0,16.0,0.1,31.0,18.0,0.0,36.0,25.0,0.0,38.0,27.0,0.0,46.0,29.0,1.4,45.0,30.0,0.2,33.0,18.0,0.0,27.0,16.0,0.1,38.0,18.0,0.6,31.0,20.0,2.3,34.0,27.0,0.7,38.0,30.0,0.4,31.0,19.0,0.0,37.0,14.0,0.2,36.0,14.0,0.0,38.0,12.0,0.0,28.0,17.0
204,2023-01-01,2023,2023,2023,1,1,1,1.3,33.0,22.0,2.2,35.0,25.0,0.7,32.0,15.0,0.0,40.0,16.0,0.0,51.0,30.0,0.4,40.0,27.0,0.9,30.0,18.0,0.5,28.0,21.0,0.3,36.0,14.0,0.0,30.0,6.0,0.1,25.0,8.0,0.0,25.0,18.0,0.0,22.0,6.0,0.0,22.0,4.0,0.0,21.0,7.0,0.0,25.0,4.0,0.0,26.0,6.0,0.0,28.0,7.0,0.0,28.0,8.0,0.5,29.0,20.0,0.0,29.0,16.0,0.5,24.0,12.0,0.0,24.0,15.0,0.0,24.0,-7.0,0.0,24.0,-7.0,0.1,33.0,15.0,1.0,35.0,24.0,0.3,33.0,22.0,0.0,41.0,17.0,0.0,38.0,20.0,2.0,35.0,27.0
205,2023-02-01,2023,2023,2023,2,2,2,0.0,35.0,10.0,0.2,45.0,13.0,0.0,42.0,26.0,0.0,45.0,23.0,0.0,47.0,24.0,0.0,25.0,10.0,0.0,23.0,2.0,0.0,26.0,0.0,0.0,43.0,15.0,0.0,38.0,22.0,0.0,33.0,21.0,0.0,45.0,16.0,0.0,35.0,26.0,1.9,35.0,20.0,0.2,20.0,8.0,0.3,17.0,8.0,0.2,30.0,13.0,0.2,40.0,23.0,0.0,36.0,21.0,1.6,24.0,20.0,0.5,23.0,14.0,,,,0.3,48.0,23.0,,,,,,,0.0,44.0,23.0,0.6,39.0,20.0,0.0,31.0,15.0,0.0,35.0,16.0,0.0,34.0,8.0,0.0,31.0,7.0
206,2023-03-01,2023,2023,2023,3,3,3,0.4,32.0,14.0,2.1,36.0,26.0,0.0,37.0,18.0,0.2,40.0,24.0,0.1,44.0,22.0,1.1,48.0,32.0,1.5,38.0,16.0,0.0,36.0,10.0,0.0,33.0,8.0,0.0,39.0,9.0,0.2,44.0,16.0,0.0,30.0,9.0,0.6,42.0,20.0,0.5,40.0,19.0,1.0,32.0,22.0,0.6,38.0,18.0,0.4,26.0,13.0,0.2,26.0,3.0,0.1,27.0,2.0,0.5,28.0,9.0,0.0,42.0,10.0,0.5,42.0,26.0,0.0,32.0,10.0,0.2,30.0,21.0,0.2,37.0,22.0,0.9,31.0,11.0,0.8,27.0,18.0,0.3,28.0,15.0,0.1,31.0,14.0,0.1,31.0,18.0,0.3,39.0,8.0
207,2023-04-01,2023,2023,2023,4,4,4,0.1,45.0,23.0,0.0,59.0,34.0,0.0,63.0,43.0,0.0,58.0,43.0,0.0,45.0,19.0,0.0,37.0,17.0,0.0,46.0,20.0,0.0,55.0,29.0,0.0,55.0,38.0,0.1,42.0,22.0,0.0,36.0,18.0,0.2,42.0,31.0,0.0,34.0,18.0,0.3,41.0,23.0,0.0,38.0,25.0,0.0,48.0,22.0,0.2,51.0,28.0,0.0,40.0,24.0,0.0,52.0,30.0,0.0,51.0,34.0,0.0,57.0,29.0,0.0,63.0,37.0,0.9,36.0,16.0,0.0,67.0,43.0,,,,0.2,25.0,13.0,0.1,33.0,7.0,0.0,40.0,6.0,0.0,51.0,19.0,0.0,52.0,33.0,0.0,54.0,33.0
208,2023-05-01,2023,2023,2023,5,5,5,0.0,66.0,48.0,0.0,55.0,34.0,0.0,56.0,32.0,0.0,57.0,38.0,0.3,54.0,39.0,0.4,58.0,38.0,0.0,64.0,38.0,0.0,65.0,44.0,0.1,65.0,39.0,0.0,63.0,42.0,0.0,67.0,40.0,0.0,62.0,42.0,0.0,66.0,44.0,0.0,67.0,45.0,0.0,67.0,43.0,0.5,63.0,42.0,0.0,65.0,42.0,0.0,63.0,40.0,0.0,63.0,40.0,0.0,59.0,41.0,0.0,61.0,40.0,0.0,64.0,43.0,0.0,62.0,39.0,0.0,64.0,45.0,0.0,65.0,46.0,0.1,55.0,32.0,0.3,46.0,30.0,0.2,51.0,27.0,0.0,49.0,27.0,0.0,55.0,33.0,0.0,56.0,37.0
209,2023-06-01,2023,2023,2023,6,6,6,0.1,61.0,43.0,0.0,64.0,42.0,0.1,65.0,44.0,0.0,59.0,41.0,0.2,60.0,39.0,0.1,62.0,43.0,0.4,55.0,38.0,0.0,58.0,37.0,0.0,62.0,39.0,0.0,62.0,53.0,0.0,69.0,51.0,0.0,58.0,41.0,0.4,60.0,43.0,0.0,62.0,38.0,0.0,68.0,44.0,0.0,61.0,44.0,0.0,65.0,43.0,0.0,69.0,46.0,0.0,69.0,48.0,0.0,65.0,47.0,0.0,65.0,45.0,0.0,66.0,45.0,0.0,61.0,39.0,0.0,67.0,45.0,,,,0.0,62.0,40.0,0.0,67.0,44.0,0.2,70.0,45.0,0.1,63.0,44.0,0.0,62.0,42.0,0.0,61.0,42.0
210,2023-07-01,2023,2023,2023,7,7,7,0.0,73.0,49.0,0.0,74.0,56.0,0.0,77.0,52.0,0.0,77.0,56.0,0.0,76.0,54.0,0.0,72.0,52.0,0.0,76.0,51.0,0.0,83.0,54.0,0.0,84.0,60.0,0.0,77.0,56.0,0.4,77.0,49.0,0.0,76.0,51.0,0.0,73.0,49.0,0.0,80.0,53.0,0.0,83.0,57.0,0.0,82.0,61.0,0.4,78.0,54.0,0.1,78.0,54.0,0.1,77.0,55.0,0.0,77.0,55.0,0.0,80.0,56.0,0.0,80.0,57.0,0.0,78.0,53.0,0.0,79.0,59.0,0.0,74.0,56.0,0.1,71.0,50.0,0.0,72.0,49.0,0.0,72.0,53.0,0.0,74.0,52.0,0.0,74.0,49.0,0.0,77.0,51.0
211,2023-08-01,2023,2023,2023,8,8,8,0.2,71.0,51.0,0.0,73.0,52.0,0.0,72.0,50.0,0.0,73.0,52.0,0.0,74.0,51.0,0.0,75.0,51.0,0.0,76.0,55.0,0.0,76.0,54.0,0.1,78.0,56.0,0.0,74.0,55.0,0.2,69.0,52.0,0.5,68.0,47.0,0.0,72.0,51.0,0.3,69.0,49.0,0.6,59.0,48.0,0.0,71.0,48.0,0.0,68.0,51.0,0.0,73.0,49.0,0.0,72.0,52.0,0.0,73.0,52.0,0.0,75.0,50.0,0.0,76.0,53.0,1.8,67.0,46.0,0.0,72.0,51.0,0.0,75.0,49.0,0.0,69.0,44.0,0.0,71.0,47.0,0.0,70.0,50.0,0.0,70.0,50.0,0.1,64.0,47.0,0.0,69.0,44.0
212,2023-09-01,2023,2023,2023,9,9,9,0.4,66.0,49.0,0.0,66.0,46.0,0.0,67.0,45.0,0.3,64.0,44.0,0.1,59.0,42.0,0.0,62.0,42.0,0.0,64.0,43.0,0.0,66.0,42.0,0.0,67.0,45.0,0.0,66.0,44.0,0.0,64.0,45.0,0.0,65.0,49.0,0.1,64.0,44.0,0.0,57.0,36.0,0.3,45.0,33.0,0.0,57.0,31.0,0.0,62.0,38.0,0.0,67.0,41.0,0.0,67.0,44.0,0.0,68.0,45.0,0.0,63.0,43.0,0.0,65.0,44.0,0.5,65.0,44.0,0.0,60.0,42.0,,,,1.1,52.0,39.0,0.0,63.0,38.0,0.0,65.0,46.0,0.0,68.0,44.0,0.0,69.0,47.0,0.0,72.0,47.0
213,2023-10-01,2023,2023,2023,10,10,10,0.4,52.0,36.0,0.0,62.0,43.0,0.3,50.0,29.0,0.1,37.0,29.0,0.1,44.0,31.0,0.0,54.0,31.0,0.0,61.0,39.0,0.0,65.0,43.0,0.0,64.0,44.0,0.0,63.0,42.0,,,,0.8,38.0,32.0,,,,,,,,,,,,,,,,,,,,,,,,,,,,,,,0.1,43.0,34.0,,,,,,,0.0,52.0,35.0,0.0,57.0,35.0,0.0,60.0,40.0,0.0,63.0,40.0,0.0,65.0,41.0,0.0,66.0,41.0
